city,site_id,road
縣市名稱,行政區域名稱,路名 
新北市,新北市板橋區,三民路
新北市,新北市板橋區,中山路
新北市,新北市板橋區,中正路
新北市,新北市板橋區,中興路
新北市,新北市板橋區,互助街
新北市,新北市板橋區,五權街
新北市,新北市板橋區,仁化街
新北市,新北市板橋區,仁愛路
新北市,新北市板橋區,介壽街
新北市,新北市板橋區,信義路
新北市,新北市板橋區,倉後街
新北市,新北市板橋區,僑中一街
新北市,新北市板橋區,僑中三街
新北市,新北市板橋區,僑中二街
新北市,新北市板橋區,光復街
新北市,新北市板橋區,光明街
新北市,新北市板橋區,光正街
新北市,新北市板橋區,光武街
新北市,新北市板橋區,光環路
新北市,新北市板橋區,光華街
新北市,新北市板橋區,公園街
新北市,新北市板橋區,公館街
新北市,新北市板橋區,北門街
新北市,新北市板橋區,區運路
新北市,新北市板橋區,南興路
新北市,新北市板橋區,南門街
新北市,新北市板橋區,南雅南路
新北市,新北市板橋區,南雅東路
新北市,新北市板橋區,南雅西路
新北市,新北市板橋區,博愛街
新北市,新北市板橋區,合安一路
新北市,新北市板橋區,合宜一路
新北市,新北市板橋區,合宜路
新北市,新北市板橋區,吳鳳路
新北市,新北市板橋區,和平路
新北市,新北市板橋區,四川路
新北市,新北市板橋區,四維路
新北市,新北市板橋區,國光路
新北市,新北市板橋區,國慶路
新北市,新北市板橋區,國泰街
新北市,新北市板橋區,大仁街
新北市,新北市板橋區,大勇街
新北市,新北市板橋區,大同街
新北市,新北市板橋區,大明街
新北市,新北市板橋區,大智街
新北市,新北市板橋區,大東街
新北市,新北市板橋區,大漢街
新北市,新北市板橋區,大華街
新北市,新北市板橋區,大觀路
新北市,新北市板橋區,大豐街
新北市,新北市板橋區,太和街
新北市,新北市板橋區,存德街
新北市,新北市板橋區,宏國路
新北市,新北市板橋區,宮口街
新北市,新北市板橋區,富山街
新北市,新北市板橋區,實踐路
新北市,新北市板橋區,干城路
新北市,新北市板橋區,幸福路
新北市,新北市板橋區,府中路
新北市,新北市板橋區,府後街
新北市,新北市板橋區,廣和街
新北市,新北市板橋區,廣權路
新北市,新北市板橋區,建國街
新北市,新北市板橋區,後埔街
新北市,新北市板橋區,後菜園街
新北市,新北市板橋區,復興街
新北市,新北市板橋區,德興街
新北市,新北市板橋區,忠孝路
新北市,新北市板橋區,懷仁街
新北市,新北市板橋區,懷德街
新北市,新北市板橋區,成功路
新北市,新北市板橋區,成都街
新北市,新北市板橋區,文化路
新北市,新北市板橋區,文德路
新北市,新北市板橋區,文新路
新北市,新北市板橋區,文昌街
新北市,新北市板橋區,文聖街
新北市,新北市板橋區,文華街
新北市,新北市板橋區,新崑路
新北市,新北市板橋區,新府路
新北市,新北市板橋區,新月一街
新北市,新北市板橋區,新月三街
新北市,新北市板橋區,新月二街
新北市,新北市板橋區,新民街
新北市,新北市板橋區,新海路
新北市,新北市板橋區,新生街
新北市,新北市板橋區,新站路
新北市,新北市板橋區,新興路
新北市,新北市板橋區,明德街
新北市,新北市板橋區,景福路
新北市,新北市板橋區,智樂路
新北市,新北市板橋區,東興街
新北市,新北市板橋區,東門街
新北市,新北市板橋區,松柏街
新北市,新北市板橋區,松江街
新北市,新北市板橋區,板城路
新北市,新北市板橋區,板新路
新北市,新北市板橋區,板林路
新北市,新北市板橋區,林園街
新北市,新北市板橋區,林森街
新北市,新北市板橋區,校前街
新北市,新北市板橋區,樂群路
新北市,新北市板橋區,正義街
新北市,新北市板橋區,民享街
新北市,新北市板橋區,民安街
新北市,新北市板橋區,民族路
新北市,新北市板橋區,民有街
新北市,新北市板橋區,民權路
新北市,新北市板橋區,民治街
新北市,新北市板橋區,民生路
新北市,新北市板橋區,永翠路
新北市,新北市板橋區,永豐街
新北市,新北市板橋區,江寧路
新北市,新北市板橋區,沙崙街
新北市,新北市板橋區,海山路
新北市,新北市板橋區,溪北路
新北市,新北市板橋區,溪城路
新北市,新北市板橋區,溪崑一街
新北市,新北市板橋區,溪崑二街
新北市,新北市板橋區,溪頭街
新北市,新北市板橋區,滿平二街
新北市,新北市板橋區,滿平街
新北市,新北市板橋區,漢生東路
新北市,新北市板橋區,漢生西路
新北市,新北市板橋區,瑞安街
新北市,新北市板橋區,環河西路
新北市,新北市板橋區,環漢路
新北市,新北市板橋區,田單街
新北市,新北市板橋區,福德街
新北市,新北市板橋區,稚暉街
新北市,新北市板橋區,站前路
新北市,新北市板橋區,篤行路
新北市,新北市板橋區,綠堤街
新北市,新北市板橋區,縣民大道
新北市,新北市板橋區,翠華街
新北市,新北市板橋區,自強新村
新北市,新北市板橋區,自由路
新北市,新北市板橋區,英士路
新北市,新北市板橋區,茶館街
新北市,新北市板橋區,莊崑路
新北市,新北市板橋區,莊敬路
新北市,新北市板橋區,莒光路
新北市,新北市板橋區,華東街
新北市,新北市板橋區,華江一路
新北市,新北市板橋區,華江七路
新北市,新北市板橋區,華江三路
新北市,新北市板橋區,華江九路
新北市,新北市板橋區,華江五路
新北市,新北市板橋區,華江八路
新北市,新北市板橋區,華福街
新北市,新北市板橋區,華興街
新北市,新北市板橋區,萬安街
新北市,新北市板橋區,萬板路
新北市,新北市板橋區,藝文二街
新北市,新北市板橋區,藝文街
新北市,新北市板橋區,裕民街
新北市,新北市板橋區,西門街
新北市,新北市板橋區,觀光街
新北市,新北市板橋區,貴興路
新北市,新北市板橋區,遠東路
新北市,新北市板橋區,重慶路
新北市,新北市板橋區,金華街
新北市,新北市板橋區,金門街
新北市,新北市板橋區,銘傳街
新北市,新北市板橋區,長壽街
新北市,新北市板橋區,長安街
新北市,新北市板橋區,長江路
新北市,新北市板橋區,陽明街
新北市,新北市板橋區,雙十路
新北市,新北市板橋區,雨農路
新北市,新北市板橋區,館前東路
新北市,新北市板橋區,館前西路
新北市,新北市板橋區,香社一路
新北市,新北市板橋區,高爾富路
新北市,新北市板橋區,龍泉街
新北市,新北市板橋區,龍興街
新北市,新北市三重區,三信路
新北市,新北市三重區,三光街
新北市,新北市三重區,三和路
新北市,新北市三重區,三寧街
新北市,新北市三重區,三張街
新北市,新北市三重區,三德街
新北市,新北市三重區,三民街
新北市,新北市三重區,三賢街
新北市,新北市三重區,三陽路
新北市,新北市三重區,下竹圍街
新北市,新北市三重區,中央北路
新北市,新北市三重區,中央南路
新北市,新北市三重區,中寮街
新北市,新北市三重區,中正北路
新北市,新北市三重區,中正南路
新北市,新北市三重區,中興北街
新北市,新北市三重區,中興南街
新北市,新北市三重區,中華路
新北市,新北市三重區,五福街
新北市,新北市三重區,五華街
新北市,新北市三重區,五谷王北街
新北市,新北市三重區,五谷王南街
新北市,新北市三重區,仁信街
新北市,新北市三重區,仁勇街
新北市,新北市三重區,仁化街
新北市,新北市三重區,仁厚街
新北市,新北市三重區,仁和街
新北市,新北市三重區,仁壽街
新北市,新北市三重區,仁孝街
新北市,新北市三重區,仁安街
新北市,新北市三重區,仁忠街
新北市,新北市三重區,仁愛街
新北市,新北市三重區,仁慈街
新北市,新北市三重區,仁政街
新北市,新北市三重區,仁昌街
新北市,新北市三重區,仁福街
新北市,新北市三重區,仁美街
新北市,新北市三重區,仁義街
新北市,新北市三重區,仁興街
新北市,新北市三重區,仁華街
新北市,新北市三重區,仁賢街
新北市,新北市三重區,介壽路
新北市,新北市三重區,信義街
新北市,新北市三重區,信義西街
新北市,新北市三重區,信賢街
新北市,新北市三重區,元信一街
新北市,新北市三重區,元信三街
新北市,新北市三重區,元信二街
新北市,新北市三重區,元富一街
新北市,新北市三重區,光復路
新北市,新北市三重區,光明路
新北市,新北市三重區,光興街
新北市,新北市三重區,光華路
新北市,新北市三重區,光陽街
新北市,新北市三重區,公園街
新北市,新北市三重區,六張街
新北市,新北市三重區,分子尾街
新北市,新北市三重區,力行路
新北市,新北市三重區,吉祥街
新北市,新北市三重區,同安東街
新北市,新北市三重區,同安街
新北市,新北市三重區,名源街
新北市,新北市三重區,和平街
新北市,新北市三重區,國道路
新北市,新北市三重區,國隆路
新北市,新北市三重區,大仁街
新北市,新北市三重區,大勇街
新北市,新北市三重區,大同北路
新北市,新北市三重區,大同南路
新北市,新北市三重區,大智街
新北市,新北市三重區,大有街
新北市,新北市三重區,大榮街
新北市,新北市三重區,如意街
新北市,新北市三重區,安和路
新北市,新北市三重區,安慶街
新北市,新北市三重區,安樂街
新北市,新北市三重區,安興街
新北市,新北市三重區,富福街
新北市,新北市三重區,富華街
新北市,新北市三重區,富貴街
新北市,新北市三重區,平安街
新北市,新北市三重區,後埔街
新北市,新北市三重區,後竹圍街
新北市,新北市三重區,忠孝路
新北市,新北市三重區,慈愛街
新北市,新北市三重區,成功一街
新北市,新北市三重區,成功二街
新北市,新北市三重區,成功路
新北市,新北市三重區,捷運路
新北市,新北市三重區,文化北路
新北市,新北市三重區,文化南路
新北市,新北市三重區,新北大道
新北市,新北市三重區,新生街
新北市,新北市三重區,新興路
新北市,新北市三重區,昌隆街
新北市,新北市三重區,明德街
新北市,新北市三重區,明志街
新北市,新北市三重區,朝陽街
新北市,新北市三重區,正德街
新北市,新北市三重區,正義北路
新北市,新北市三重區,正義南路
新北市,新北市三重區,民族街
新北市,新北市三重區,民生東街
新北市,新北市三重區,民生街
新北市,新北市三重區,永安北路
新北市,新北市三重區,永德街
新北市,新北市三重區,永春街
新北市,新北市三重區,永福街
新北市,新北市三重區,河邊北街
新北市,新北市三重區,泉州街
新北市,新北市三重區,洛陽街
新北市,新北市三重區,溪尾街
新北市,新北市三重區,環河北路
新北市,新北市三重區,環河南路
新北市,新北市三重區,環漢路
新北市,新北市三重區,疏洪十六路
新北市,新北市三重區,疏洪東路
新北市,新北市三重區,疏洪西路
新北市,新北市三重區,碧華街
新北市,新北市三重區,神農街
新北市,新北市三重區,福和街
新北市,新北市三重區,福德北路
新北市,新北市三重區,福德南路
新北市,新北市三重區,福祉街
新北市,新北市三重區,福華街
新北市,新北市三重區,福裕街
新北市,新北市三重區,福隆路
新北市,新北市三重區,秀江街
新北市,新北市三重區,穀保街
新北市,新北市三重區,竹圍仔街
新北市,新北市三重區,聯華街
新北市,新北市三重區,自強路
新北市,新北市三重區,自由街
新北市,新北市三重區,興德路
新北市,新北市三重區,興華街
新北市,新北市三重區,萬全街
新北市,新北市三重區,萬壽街
新北市,新北市三重區,貴陽街
新北市,新北市三重區,車路頭街
新北市,新北市三重區,通華街
新北市,新北市三重區,進安街
新北市,新北市三重區,過圳街
新北市,新北市三重區,重光街
新北市,新北市三重區,重化街
新北市,新北市三重區,重安街
新北市,新北市三重區,重新路
新北市,新北市三重區,重陽路
新北市,新北市三重區,金華街
新北市,新北市三重區,錦通街
新北市,新北市三重區,長元街
新北市,新北市三重區,長元西街
新北市,新北市三重區,長壽街
新北市,新北市三重區,長壽西街
新北市,新北市三重區,長安街
新北市,新北市三重區,長春街
新北市,新北市三重區,長榮路
新北市,新北市三重區,長樂街
新北市,新北市三重區,長生街
新北市,新北市三重區,長興街
新北市,新北市三重區,開元街
新北市,新北市三重區,集仁街
新北市,新北市三重區,集勇街
新北市,新北市三重區,集成路
新北市,新北市三重區,集智街
新北市,新北市三重區,集美街
新北市,新北市三重區,集英路
新北市,新北市三重區,集賢路
新北市,新北市三重區,雙園街
新北市,新北市三重區,電信街
新北市,新北市三重區,頂崁街
新北市,新北市三重區,頂文路
新北市,新北市三重區,龍濱路
新北市,新北市三重區,龍門路
新北市,新北市中和區,中原三街
新北市,新北市中和區,中原二街
新北市,新北市中和區,中原五街
新北市,新北市中和區,中原六街
新北市,新北市中和區,中原東街
新北市,新北市中和區,中原街
新北市,新北市中和區,中和路
新北市,新北市中和區,中安街
新北市,新北市中和區,中山路
新北市,新北市中和區,中板路
新北市,新北市中和區,中正路
新北市,新北市中和區,中興街
新北市,新北市中和區,仁愛街
新北市,新北市中和區,保健路
新北市,新北市中和區,保平路
新北市,新北市中和區,信義街
新北市,新北市中和區,光中路
新北市,新北市中和區,光環路
新北市,新北市中和區,光華街
新北市,新北市中和區,勝利路
新北市,新北市中和區,南山路
新北市,新北市中和區,南工路
新北市,新北市中和區,南華路
新北市,新北市中和區,台新街
新北市,新北市中和區,和城路
新北市,新北市中和區,和平街
新北市,新北市中和區,和平路
新北市,新北市中和區,員山路
新北市,新北市中和區,四維街
新北市,新北市中和區,國光街
新北市,新北市中和區,圓通路
新北市,新北市中和區,壽德街
新北市,新北市中和區,大仁街
新北市,新北市中和區,大勇街
新北市,新北市中和區,大智街
新北市,新北市中和區,安和路
新北市,新北市中和區,安平路
新北市,新北市中和區,安樂路
新北市,新北市中和區,安邦街
新北市,新北市中和區,宜安路
新北市,新北市中和區,工專路
新北市,新北市中和區,廟美街
新北市,新北市中和區,廣福路
新北市,新北市中和區,建一路
新北市,新北市中和區,建三路
新北市,新北市中和區,建二路
新北市,新北市中和區,建八路
新北市,新北市中和區,建六路
新北市,新北市中和區,建康路
新北市,新北市中和區,復興路
新北市,新北市中和區,德光路
新北市,新北市中和區,忠孝街
新北市,新北市中和區,成功路
新北市,新北市中和區,捷運路
新北市,新北市中和區,新民街
新北市,新北市中和區,新生街
新北市,新北市中和區,新福和街
新北市,新北市中和區,新興街
新北市,新北市中和區,明仁街
新北市,新北市中和區,明禮街
新北市,新北市中和區,明義街
新北市,新北市中和區,景安路
新北市,新北市中和區,景平路
新北市,新北市中和區,景德街
新北市,新北市中和區,景新街
新北市,新北市中和區,更生街
新北市,新北市中和區,板南路
新北市,新北市中和區,枋寮街
新北市,新北市中和區,橋和路
新北市,新北市中和區,橋安街
新北市,新北市中和區,民享街
新北市,新北市中和區,民利街
新北市,新北市中和區,民安街
新北市,新北市中和區,民富街
新北市,新北市中和區,民德路
新北市,新北市中和區,民有街
新北市,新北市中和區,民樂路
新北市,新北市中和區,民治街
新北市,新北市中和區,民生街
新北市,新北市中和區,水源路
新北市,新北市中和區,永和路
新北市,新北市中和區,永貞路
新北市,新北市中和區,泰和街
新北市,新北市中和區,漢生東路
新北市,新北市中和區,環中路
新北市,新北市中和區,環河西路
新北市,新北市中和區,福祥路
新北市,新北市中和區,福美路
新北市,新北市中和區,秀峰街
新北市,新北市中和區,秀朗路
新北市,新北市中和區,立人街
新北市,新北市中和區,立德街
新北市,新北市中和區,立業路
新北市,新北市中和區,立言街
新北市,新北市中和區,自強路
新北市,新北市中和區,自治街
新北市,新北市中和區,自立路
新北市,新北市中和區,興南路
新北市,新北市中和區,莊敬路
新北市,新北市中和區,莒光路
新北市,新北市中和區,華安街
新北市,新北市中和區,華新街
新北市,新北市中和區,華福街
新北市,新北市中和區,華順街
新北市,新北市中和區,連勝街
新北市,新北市中和區,連城路
新北市,新北市中和區,錦和路
新北市,新北市永和區,中和路
新北市,新北市永和區,中山路
新北市,新北市永和區,中正路
新北市,新北市永和區,中興街
新北市,新北市永和區,仁愛路
新北市,新北市永和區,保安路
新北市,新北市永和區,保平路
新北市,新北市永和區,保慶街
新北市,新北市永和區,保生路
新北市,新北市永和區,保福路
新北市,新北市永和區,保順路
新北市,新北市永和區,信義路
新北市,新北市永和區,光復街
新北市,新北市永和區,勵行街
新北市,新北市永和區,博愛街
新北市,新北市永和區,厚德街
新北市,新北市永和區,和平街
新北市,新北市永和區,四維街
新北市,新北市永和區,國中路
新北市,新北市永和區,國光路
新北市,新北市永和區,大新街
新北市,新北市永和區,安樂路
新北市,新北市永和區,得和路
新北市,新北市永和區,復興街
新北市,新北市永和區,忠孝街
新北市,新北市永和區,成功路
新北市,新北市永和區,文化路
新北市,新北市永和區,新生路
新北市,新北市永和區,智光街
新北市,新北市永和區,林森路
新北市,新北市永和區,民享街
新北市,新北市永和區,民光街
新北市,新北市永和區,民族街
新北市,新北市永和區,民有街
新北市,新北市永和區,民樂街
新北市,新北市永和區,民權路
新北市,新北市永和區,民治街
新北市,新北市永和區,民生路
新北市,新北市永和區,水源街
新北市,新北市永和區,永亨路
新北市,新北市永和區,永元路
新北市,新北市永和區,永利路
新北市,新北市永和區,永和路
新北市,新北市永和區,永安街
新北市,新北市永和區,永寧街
新北市,新北市永和區,永平路
新北市,新北市永和區,永貞路
新北市,新北市永和區,環河東路
新北市,新北市永和區,環河西路
新北市,新北市永和區,福和路
新北市,新北市永和區,秀安街
新北市,新北市永和區,秀朗路
新北市,新北市永和區,竹林路
新北市,新北市永和區,自強街
新北市,新北市永和區,自由街
新北市,新北市永和區,警光街
新北市,新北市永和區,豫溪街
新北市,新北市永和區,雙和街
新北市,新北市新莊區,三和路
新北市,新北市新莊區,三泰路
新北市,新北市新莊區,中信街
新北市,新北市新莊區,中原東路
新北市,新北市新莊區,中原路
新北市,新北市新莊區,中和街
新北市,新北市新莊區,中央路
新北市,新北市新莊區,中安街
新北市,新北市新莊區,中富街
新北市,新北市新莊區,中平路
新北市,新北市新莊區,中德路
新北市,新北市新莊區,中智街
新北市,新北市新莊區,中榮街
新北市,新北市新莊區,中正路
新北市,新北市新莊區,中泰街
新北市,新北市新莊區,中港一街
新北市,新北市新莊區,中港三街
新北市,新北市新莊區,中港二街
新北市,新北市新莊區,中港路
新北市,新北市新莊區,中環路
新北市,新北市新莊區,中義街
新北市,新北市新莊區,中興街
新北市,新北市新莊區,中華路
新北市,新北市新莊區,中誠街
新北市,新北市新莊區,丹鳳街
新北市,新北市新莊區,五工一路
新北市,新北市新莊區,五工三路
新北市,新北市新莊區,五工二路
新北市,新北市新莊區,五工五路
新北市,新北市新莊區,五工六路
新北市,新北市新莊區,五工路
新北市,新北市新莊區,五權一路
新北市,新北市新莊區,五權三路
新北市,新北市新莊區,五權二路
新北市,新北市新莊區,仁愛街
新北市,新北市新莊區,保安街
新北市,新北市新莊區,信華六街
新北市,新北市新莊區,光華街
新北市,新北市新莊區,八德街
新北市,新北市新莊區,公園一路
新北市,新北市新莊區,公園路
新北市,新北市新莊區,利濟街
新北市,新北市新莊區,化成路
新北市,新北市新莊區,博愛路
新北市,新北市新莊區,和興街
新北市,新北市新莊區,四維路
新北市,新北市新莊區,壽山路
新北市,新北市新莊區,大安路
新北市,新北市新莊區,大觀街
新北市,新北市新莊區,天泉一街
新北市,新北市新莊區,天泉二街
新北市,新北市新莊區,天祥街
新北市,新北市新莊區,富國路
新北市,新北市新莊區,富貴路
新北市,新北市新莊區,幸福東路
新北市,新北市新莊區,幸福路
新北市,新北市新莊區,建中街
新北市,新北市新莊區,建國一路
新北市,新北市新莊區,建國二路
新北市,新北市新莊區,建安街
新北市,新北市新莊區,建福路
新北市,新北市新莊區,建興街
新北市,新北市新莊區,建豐街
新北市,新北市新莊區,後港一路
新北市,新北市新莊區,後港二路
新北市,新北市新莊區,復興路
新北市,新北市新莊區,德豐街
新北市,新北市新莊區,忠孝街
新北市,新北市新莊區,思明街
新北市,新北市新莊區,思源路
新北市,新北市新莊區,成功街
新北市,新北市新莊區,成德街
新北市,新北市新莊區,文藝路
新北市,新北市新莊區,新中街
新北市,新北市新莊區,新北大道
新北市,新北市新莊區,新央街
新北市,新北市新莊區,新崑路
新北市,新北市新莊區,新樹路
新北市,新北市新莊區,新泰路
新北市,新北市新莊區,新知一路
新北市,新北市新莊區,新知五路
新北市,新北市新莊區,新知八路
新北市,新北市新莊區,新知十路
新北市,新北市新莊區,新興街
新北市,新北市新莊區,新莊路
新北市,新北市新莊區,新豐街
新北市,新北市新莊區,昌和街
新北市,新北市新莊區,昌學街
新北市,新北市新莊區,昌平街
新北市,新北市新莊區,昌德街
新北市,新北市新莊區,昌明街
新北市,新北市新莊區,昌智路
新北市,新北市新莊區,昌盛街
新北市,新北市新莊區,昌隆街
新北市,新北市新莊區,明中街
新北市,新北市新莊區,明志路
新北市,新北市新莊區,明智街
新北市,新北市新莊區,景德路
新北市,新北市新莊區,榮華路
新北市,新北市新莊區,樹新路
新北市,新北市新莊區,武前街
新北市,新北市新莊區,民全街
新北市,新北市新莊區,民安東路
新北市,新北市新莊區,民安西路
新北市,新北市新莊區,民安路
新北市,新北市新莊區,民本街
新北市,新北市新莊區,民樂街
新北市,新北市新莊區,民生街
新北市,新北市新莊區,永安街
新北市,新北市新莊區,永寧街
新北市,新北市新莊區,永樂街
新北市,新北市新莊區,泰安街
新北市,新北市新莊區,泰豐街
新北市,新北市新莊區,泰順街
新北市,新北市新莊區,環漢路
新北市,新北市新莊區,瓊林北路
新北市,新北市新莊區,瓊林南路
新北市,新北市新莊區,瓊林路
新北市,新北市新莊區,瓊泰路
新北市,新北市新莊區,碧江街
新北市,新北市新莊區,福前街
新北市,新北市新莊區,福壽街
新北市,新北市新莊區,福德一街
新北市,新北市新莊區,福德三街
新北市,新北市新莊區,福德二街
新北市,新北市新莊區,福慧路
新北市,新北市新莊區,福樂街
新北市,新北市新莊區,福海街
新北市,新北市新莊區,福營路
新北市,新北市新莊區,福美街
新北市,新北市新莊區,立信一街
新北市,新北市新莊區,立信三街
新北市,新北市新莊區,立信五街
新北市,新北市新莊區,義豐街
新北市,新北市新莊區,自信街
新北市,新北市新莊區,自強街
新北市,新北市新莊區,自治街
新北市,新北市新莊區,自由街
新北市,新北市新莊區,自立街
新北市,新北市新莊區,自重街
新北市,新北市新莊區,莊崑路
新北市,新北市新莊區,華興街
新北市,新北市新莊區,萬壽路
新北市,新北市新莊區,萬安街
新北市,新北市新莊區,裕民街
新北市,新北市新莊區,西盛街
新北市,新北市新莊區,豐年街
新北市,新北市新莊區,豐盛一街
新北市,新北市新莊區,豐盛二街
新北市,新北市新莊區,銘德街
新北市,新北市新莊區,長青街
新北市,新北市新莊區,雙鳳路
新北市,新北市新莊區,雙鳳里
新北市,新北市新莊區,青山路
新北市,新北市新莊區,頭前路
新北市,新北市新莊區,頭成街
新北市,新北市新莊區,頭興街
新北市,新北市新莊區,鳳山街
新北市,新北市新莊區,麗水街
新北市,新北市新莊區,龍安路
新北市,新北市新店區,三民路
新北市,新北市新店區,下石厝路
新北市,新北市新店區,中央一街
新北市,新北市新店區,中央七街
新北市,新北市新店區,中央三街
新北市,新北市新店區,中央二街
新北市,新北市新店區,中央五街
新北市,新北市新店區,中央八街
新北市,新北市新店區,中央六街
新北市,新北市新店區,中央四街
新北市,新北市新店區,中央路
新北市,新北市新店區,中山路
新北市,新北市新店區,中正路
新北市,新北市新店區,中生路
新北市,新北市新店區,中興路
新北市,新北市新店區,中華路
新北市,新北市新店區,二十張路
新北市,新北市新店區,五峯路
新北市,新北市新店區,僑仁路
新北市,新北市新店區,僑信路
新北市,新北市新店區,僑愛一路
新北市,新北市新店區,僑愛七路
新北市,新北市新店區,僑愛三路
新北市,新北市新店區,僑愛九路
新北市,新北市新店區,僑愛二路
新北市,新北市新店區,僑愛五路
新北市,新北市新店區,僑愛六路
新北市,新北市新店區,僑愛四路
新北市,新北市新店區,僑義路
新北市,新北市新店區,光明街
新北市,新北市新店區,光華街
新北市,新北市新店區,力行路
新北市,新北市新店區,北宜路
新北市,新北市新店區,北新路
新北市,新北市新店區,十四張路
新北市,新北市新店區,博愛街
新北市,新北市新店區,合作路
新北市,新北市新店區,吉安街
新北市,新北市新店區,吉祥街
新北市,新北市新店區,和成街
新北市,新北市新店區,國校路
新北市,新北市新店區,大同街
新北市,新北市新店區,大學街
新北市,新北市新店區,大新街
新北市,新北市新店區,大榮路
新北市,新北市新店區,大豐路
新北市,新北市新店區,太平路
新北市,新北市新店區,央北一路
新北市,新北市新店區,央北二路
新北市,新北市新店區,如意街
新北市,新北市新店區,安一路
新北市,新北市新店區,安光路
新北市,新北市新店區,安利街
新北市,新北市新店區,安和路
新北市,新北市新店區,安平路
新北市,新北市新店區,安康路
新北市,新北市新店區,安德街
新北市,新北市新店區,安忠路
新北市,新北市新店區,安成街
新北市,新北市新店區,安業街
新北市,新北市新店區,安樂街
新北市,新北市新店區,安民街
新北市,新北市新店區,安泰路
新北市,新北市新店區,安祥路
新北市,新北市新店區,安興路
新北市,新北市新店區,安華路
新北市,新北市新店區,安豐路
新北市,新北市新店區,富貴街
新北市,新北市新店區,寶中路
新北市,新北市新店區,寶元路
新北市,新北市新店區,寶安街
新北市,新北市新店區,寶宏路
新北市,新北市新店區,寶強路
新北市,新北市新店區,寶慶街
新北市,新北市新店區,寶橋路
新北市,新北市新店區,寶福街
新北市,新北市新店區,寶興路
新北市,新北市新店區,寶高路
新北市,新北市新店區,小坑一路
新北市,新北市新店區,小坑三路
新北市,新北市新店區,小坑二路
新北市,新北市新店區,屈尺路
新北市,新北市新店區,平廣路
新北市,新北市新店區,平等街
新北市,新北市新店區,康雅崙路
新北市,新北市新店區,廣興路
新北市,新北市新店區,建國路
新北市,新北市新店區,建安街
新北市,新北市新店區,建業路
新北市,新北市新店區,建興街
新北市,新北市新店區,復興路
新北市,新北市新店區,德正街
新北市,新北市新店區,成功路
新北市,新北市新店區,文中路
新北市,新北市新店區,文化路
新北市,新北市新店區,斯馨路
新北市,新北市新店區,新和街
新北市,新北市新店區,新坡一街
新北市,新北市新店區,新店後街
新北市,新北市新店區,新店路
新北市,新北市新店區,新明街
新北市,新北市新店區,新潭路
新北市,新北市新店區,新烏路
新北市,新北市新店區,新生街
新北市,新北市新店區,新祥街
新北市,新北市新店區,明山路
新北市,新北市新店區,明德路
新北市,新北市新店區,松林路
新北市,新北市新店區,柴埕路
新北市,新北市新店區,桂山路
新北市,新北市新店區,桃李一路
新北市,新北市新店區,桃李二路
新北市,新北市新店區,梅崗一路
新北市,新北市新店區,梅崗三路
新北市,新北市新店區,梅花一路
新北市,新北市新店區,橘園一路
新北市,新北市新店區,檳榔路
新北市,新北市新店區,櫻花街
新北市,新北市新店區,民族路
新北市,新北市新店區,民權路
新北市,新北市新店區,民生路
新北市,新北市新店區,永安街
新北市,新北市新店區,永平街
新北市,新北市新店區,永新街
新北市,新北市新店區,永業路
新北市,新北市新店區,永福路
新北市,新北市新店區,永興路
新北市,新北市新店區,永華街
新北市,新北市新店區,涵碧路
新北市,新北市新店區,湖子內路
新北市,新北市新店區,湖興路
新北市,新北市新店區,溪園路
新北市,新北市新店區,溪洲路
新北市,新北市新店區,灣潭路
新北市,新北市新店區,玉山路
新北市,新北市新店區,玫瑰路
新北市,新北市新店區,環河路
新北市,新北市新店區,環湖路
新北市,新北市新店區,百忍街
新北市,新北市新店區,百齡一路
新北市,新北市新店區,百齡二路
新北市,新北市新店區,直潭一街
新北市,新北市新店區,直潭七街
新北市,新北市新店區,直潭三街
新北市,新北市新店區,直潭九街
新北市,新北市新店區,直潭二街
新北市,新北市新店區,直潭五街
新北市,新北市新店區,直潭八街
新北市,新北市新店區,直潭六街
新北市,新北市新店區,直潭十街
新北市,新北市新店區,直潭四街
新北市,新北市新店區,直潭路
新北市,新北市新店區,碧安街
新北市,新北市新店區,碧潭路
新北市,新北市新店區,福園街
新北市,新北市新店區,禾和一街
新北市,新北市新店區,禾豐一路
新北市,新北市新店區,禾豐七路
新北市,新北市新店區,禾豐三路
新北市,新北市新店區,禾豐九路
新北市,新北市新店區,禾豐二路
新北市,新北市新店區,禾豐五路
新北市,新北市新店區,禾豐六路
新北市,新北市新店區,禾豐十一路
新北市,新北市新店區,秀山路
新北市,新北市新店區,秀岡三街
新北市,新北市新店區,秀岡二街
新北市,新北市新店區,秀岡五街
新北市,新北市新店區,秀岡六街
新北市,新北市新店區,秀峯路
新北市,新北市新店區,秀水路
新北市,新北市新店區,竹林路
新北市,新北市新店區,精忠路
新北市,新北市新店區,翠峯路
新北市,新北市新店區,能仁街
新北市,新北市新店區,自強路
新北市,新北市新店區,自由街
新北市,新北市新店區,自立街
新北市,新北市新店區,花園一路
新北市,新北市新店區,花園七路
新北市,新北市新店區,花園二路
新北市,新北市新店區,花園五路
新北市,新北市新店區,花園六路
新北市,新北市新店區,花園十二路
新北市,新北市新店區,花園十路
新北市,新北市新店區,莒光路
新北市,新北市新店區,華中街
新北市,新北市新店區,華城一路
新北市,新北市新店區,華城三路
新北市,新北市新店區,華城二路
新北市,新北市新店區,華城六街
新北市,新北市新店區,華城路
新北市,新北市新店區,華潭街
新北市,新北市新店區,華興街
新北市,新北市新店區,薏仁坑路
新北市,新北市新店區,蘭苑一路
新北市,新北市新店區,行政街
新北市,新北市新店區,裕合街
新北市,新北市新店區,車子路
新北市,新北市新店區,達觀路
新北市,新北市新店區,郵政路
新北市,新北市新店區,金興路
新北市,新北市新店區,銀河路
新北市,新北市新店區,錦秀路
新北市,新北市新店區,長峯路
新北市,新北市新店區,長春路
新北市,新北市新店區,長興路
新北市,新北市新店區,雙城路
新北市,新北市新店區,雙峯路
新北市,新北市新店區,青山路
新北市,新北市新店區,青峯路
新北市,新北市新店區,頂城一街
新北市,新北市新店區,頂城三街
新北市,新北市新店區,頂城二街
新北市,新北市新店區,頂城五街
新北市,新北市新店區,頂城六街
新北市,新北市新店區,頂石厝路
新北市,新北市新店區,順安街
新北市,新北市新店區,順德街
新北市,新北市新店區,黎明路
新北市,新北市樹林區,三俊街
新北市,新北市樹林區,三多路
新北市,新北市樹林區,三寶街
新北市,新北市樹林區,三德街
新北市,新北市樹林區,三福街
新北市,新北市樹林區,三興路
新北市,新北市樹林區,三龍街
新北市,新北市樹林區,中佳路
新北市,新北市樹林區,中和街
新北市,新北市樹林區,中山路
新北市,新北市樹林區,中正路
新北市,新北市樹林區,中洲街
新北市,新北市樹林區,中興街
新北市,新北市樹林區,中華路
新北市,新北市樹林區,仁愛街
新北市,新北市樹林區,佳園路
新北市,新北市樹林區,俊保路
新北市,新北市樹林區,俊安街
新北市,新北市樹林區,俊德街
新北市,新北市樹林區,俊興街
新北市,新北市樹林區,俊英街
新北市,新北市樹林區,保安二街
新北市,新北市樹林區,保安街
新北市,新北市樹林區,保順街
新北市,新北市樹林區,信和街
新北市,新北市樹林區,信義街
新北市,新北市樹林區,備內街
新北市,新北市樹林區,備前街
新北市,新北市樹林區,光明街
新北市,新北市樹林區,光榮街
新北市,新北市樹林區,光武街
新北市,新北市樹林區,光興街
新北市,新北市樹林區,光華街
新北市,新北市樹林區,八德街
新北市,新北市樹林區,千歲街
新北市,新北市樹林區,博愛一街
新北市,新北市樹林區,博愛街
新北市,新北市樹林區,吉祥街
新北市,新北市樹林區,名園街
新北市,新北市樹林區,味王街
新北市,新北市樹林區,和平街
新北市,新北市樹林區,啓智街
新北市,新北市樹林區,四德街
新北市,新北市樹林區,四維路
新北市,新北市樹林區,國凱街
新北市,新北市樹林區,地政街
新北市,新北市樹林區,大同街
新北市,新北市樹林區,大安街
新北市,新北市樹林區,大安路
新北市,新北市樹林區,大慶街
新北市,新北市樹林區,大成路
新北市,新北市樹林區,大有路
新北市,新北市樹林區,大義路
新北市,新北市樹林區,大雅路
新北市,新北市樹林區,太元街
新北市,新北市樹林區,太平路
新北市,新北市樹林區,太順街
新北市,新北市樹林區,學勤路
新北市,新北市樹林區,學士路
新北市,新北市樹林區,學府路
新北市,新北市樹林區,學成路
新北市,新北市樹林區,學林路
新北市,新北市樹林區,寶園街
新北市,新北市樹林區,山佳街
新北市,新北市樹林區,工興街
新北市,新北市樹林區,彰德街
新北市,新北市樹林區,後站街
新北市,新北市樹林區,復興路
新北市,新北市樹林區,德和街
新北市,新北市樹林區,忠信街
新北市,新北市樹林區,忠孝街
新北市,新北市樹林區,忠愛街
新北市,新北市樹林區,忠義街
新北市,新北市樹林區,文化街
新北市,新北市樹林區,文德街
新北市,新北市樹林區,新興街
新北市,新北市樹林區,日新街
新北市,新北市樹林區,東佳路
新北市,新北市樹林區,東和街
新北市,新北市樹林區,東大街
新北市,新北市樹林區,東榮街
新北市,新北市樹林區,東興街
新北市,新北市樹林區,東華街
新北市,新北市樹林區,東豐街
新北市,新北市樹林區,東陽街
新北市,新北市樹林區,東順街
新北市,新北市樹林區,板林路
新北市,新北市樹林區,柑園街
新北市,新北市樹林區,桃子腳路
新北市,新北市樹林區,樹中街
新北市,新北市樹林區,樹人街
新北市,新北市樹林區,樹德街
新北市,新北市樹林區,樹新路
新北市,新北市樹林區,樹潭街
新北市,新北市樹林區,武林街
新北市,新北市樹林區,民和街
新北市,新北市樹林區,民權街
新北市,新北市樹林區,水源街
新北市,新北市樹林區,海明街
新北市,新北市樹林區,潭興街
新北市,新北市樹林區,環漢路
新北市,新北市樹林區,田尾街
新北市,新北市樹林區,福德街
新北市,新北市樹林區,福興街
新北市,新北市樹林區,福順街
新北市,新北市樹林區,立仁街
新北市,新北市樹林區,育德街
新北市,新北市樹林區,育英街
新北市,新北市樹林區,西圳街
新北市,新北市樹林區,豐林街
新北市,新北市樹林區,鎮前街
新北市,新北市樹林區,長壽街
新北市,新北市樹林區,龍興街
新北市,新北市鶯歌區,三界公坑
新北市,新北市鶯歌區,三鶯路
新北市,新北市鶯歌區,中山路
新北市,新北市鶯歌區,中正一路
新北市,新北市鶯歌區,中正三路
新北市,新北市鶯歌區,中正二路
新北市,新北市鶯歌區,中湖街
新北市,新北市鶯歌區,二橋新村
新北市,新北市鶯歌區,二橋街
新北市,新北市鶯歌區,二甲路
新北市,新北市鶯歌區,仁愛路
新北市,新北市鶯歌區,信義街
新北市,新北市鶯歌區,光復街
新北市,新北市鶯歌區,光明街
新北市,新北市鶯歌區,光照街
新北市,新北市鶯歌區,八德路
新北市,新北市鶯歌區,公園街
新北市,新北市鶯歌區,南昌街
新北市,新北市鶯歌區,南雅路
新北市,新北市鶯歌區,和平街
新北市,新北市鶯歌區,國中街
新北市,新北市鶯歌區,國光街
新北市,新北市鶯歌區,國慶街
新北市,新北市鶯歌區,國華路
新北市,新北市鶯歌區,國際一路
新北市,新北市鶯歌區,國際二路
新北市,新北市鶯歌區,圳頭坑
新北市,新北市鶯歌區,大湖路
新北市,新北市鶯歌區,尖山埔路
新北市,新北市鶯歌區,尖山路
新北市,新北市鶯歌區,建國路
新北市,新北市鶯歌區,德昌二街
新北市,新北市鶯歌區,德昌街
新北市,新北市鶯歌區,忠孝街
新北市,新北市鶯歌區,成功街
新北市,新北市鶯歌區,文化路
新北市,新北市鶯歌區,文昌街
新北市,新北市鶯歌區,明圓街
新北市,新北市鶯歌區,明圓街一棟
新北市,新北市鶯歌區,明圓街七棟
新北市,新北市鶯歌區,明圓街三棟
新北市,新北市鶯歌區,明圓街九棟
新北市,新北市鶯歌區,明圓街二棟
新北市,新北市鶯歌區,明圓街五棟
新北市,新北市鶯歌區,明圓街八棟
新北市,新北市鶯歌區,明圓街六棟
新北市,新北市鶯歌區,明圓街四棟
新北市,新北市鶯歌區,晨曦街
新北市,新北市鶯歌區,晨曦街一棟
新北市,新北市鶯歌區,晨曦街三棟
新北市,新北市鶯歌區,晨曦街二棟
新北市,新北市鶯歌區,朝陽街
新北市,新北市鶯歌區,東湖街
新北市,新北市鶯歌區,東湖路
新北市,新北市鶯歌區,欣欣街
新北市,新北市鶯歌區,欣欣街一棟
新北市,新北市鶯歌區,欣欣街三棟
新北市,新北市鶯歌區,欣欣街二棟
新北市,新北市鶯歌區,欣欣街四棟
新北市,新北市鶯歌區,永利街
新北市,新北市鶯歌區,永吉街
新北市,新北市鶯歌區,永和街
新北市,新北市鶯歌區,永安街
新北市,新北市鶯歌區,永昌街
新北市,新北市鶯歌區,永明街
新北市,新北市鶯歌區,永智街
新北市,新北市鶯歌區,永樂街
新北市,新北市鶯歌區,永福街
新北市,新北市鶯歌區,湖山路
新北市,新北市鶯歌區,環河路
新北市,新北市鶯歌區,甲一街
新北市,新北市鶯歌區,甲三街
新北市,新北市鶯歌區,甲二街
新北市,新北市鶯歌區,甲五街
新北市,新北市鶯歌區,福安街
新北市,新北市鶯歌區,福德一路
新北市,新北市鶯歌區,福德三街
新北市,新北市鶯歌區,福德二街
新北市,新北市鶯歌區,福德五街
新北市,新北市鶯歌區,福德四街
新北市,新北市鶯歌區,福昌街
新北市,新北市鶯歌區,福隆一街
新北市,新北市鶯歌區,福隆二街
新北市,新北市鶯歌區,育德街
新北市,新北市鶯歌區,育才街
新北市,新北市鶯歌區,育智路
新北市,新北市鶯歌區,育樂街
新北市,新北市鶯歌區,育英街
新北市,新北市鶯歌區,育賢街
新北市,新北市鶯歌區,莒光街
新北市,新北市鶯歌區,行政路
新北市,新北市鶯歌區,西湖街
新北市,新北市鶯歌區,重慶街
新北市,新北市鶯歌區,陶瓷街
新北市,新北市鶯歌區,陽明街
新北市,新北市鶯歌區,館前路
新北市,新北市鶯歌區,香賓街
新北市,新北市鶯歌區,高職南街
新北市,新北市鶯歌區,高職東街
新北市,新北市鶯歌區,高職西街
新北市,新北市鶯歌區,鳳一路
新北市,新北市鶯歌區,鳳七路
新北市,新北市鶯歌區,鳳三路
新北市,新北市鶯歌區,鳳五路
新北市,新北市鶯歌區,鳳吉一街
新北市,新北市鶯歌區,鳳吉三街
新北市,新北市鶯歌區,鳳吉二街
新北市,新北市鶯歌區,鳳吉五街
新北市,新北市鶯歌區,鳳吉四街
新北市,新北市鶯歌區,鳳福路
新北市,新北市鶯歌區,鳳鳴路
新北市,新北市鶯歌區,鶯桃路
新北市,新北市鶯歌區,鶯歌路
新北市,新北市鶯歌區,黃厝街
新北市,新北市鶯歌區,龍七路
新北市,新北市鶯歌區,龍三路
新北市,新北市鶯歌區,龍五路
新北市,新北市三峽區,三十股路
新北市,新北市三峽區,三層坪路
新北市,新北市三峽區,三德路
新北市,新北市三峽區,三樹路
新北市,新北市三峽區,中園街
新北市,新北市三峽區,中山路
新北市,新北市三峽區,中正路
新北市,新北市三峽區,中華路
新北市,新北市三峽區,九份路
新北市,新北市三峽區,二鬮路
新北市,新北市三峽區,五寮
新北市,新北市三峽區,仁愛街
新北市,新北市三峽區,介壽路
新北市,新北市三峽區,佳福路
新北市,新北市三峽區,信義街
新北市,新北市三峽區,光明路
新北市,新北市三峽區,和平街
新北市,新北市三峽區,國光街
新北市,新北市三峽區,國學街
新北市,新北市三峽區,國慶路
新北市,新北市三峽區,國際一街
新北市,新北市三峽區,國際二街
新北市,新北市三峽區,大仁路
新北市,新北市三峽區,大利路
新北市,新北市三峽區,大勇路
新北市,新北市三峽區,大同路
新北市,新北市三峽區,大埔路
新北市,新北市三峽區,大學路
新北市,新北市三峽區,大德路
新北市,新北市三峽區,大智路
新北市,新北市三峽區,大義路
新北市,新北市三峽區,大觀路
新北市,新北市三峽區,學勤路
新北市,新北市三峽區,學府路
新北市,新北市三峽區,學成路
新北市,新北市三峽區,安溪路
新北市,新北市三峽區,建安
新北市,新北市三峽區,弘園街
新北市,新北市三峽區,復興路
新北市,新北市三峽區,忠孝街
新北市,新北市三峽區,愛國路
新北市,新北市三峽區,成福路
新北市,新北市三峽區,插角
新北市,新北市三峽區,文化路
新北市,新北市三峽區,新興街
新北市,新北市三峽區,有木
新北市,新北市三峽區,柑樹路
新北市,新北市三峽區,樟坑湖路
新北市,新北市三峽區,橫溪路
新北市,新北市三峽區,正義街
新北市,新北市三峽區,民族街
新北市,新北市三峽區,民權街
新北市,新北市三峽區,民生街
新北市,新北市三峽區,永安街
新北市,新北市三峽區,添福
新北市,新北市三峽區,清水街
新北市,新北市三峽區,溪北街
新北市,新北市三峽區,溪東路
新北市,新北市三峽區,牛角坑路
新北市,新北市三峽區,白雞
新北市,新北市三峽區,秀川街
新北市,新北市三峽區,竹安路
新北市,新北市三峽區,竹崙路
新北市,新北市三峽區,紫和路
新北市,新北市三峽區,紫微南路
新北市,新北市三峽區,紫微路
新北市,新北市三峽區,紫新路
新北市,新北市三峽區,金敏
新北市,新北市三峽區,長泰街
新北市,新北市三峽區,長福街
新北市,新北市三峽區,隆恩街
新北市,新北市三峽區,頭寮坑路
新北市,新北市三峽區,鳶峰路
新北市,新北市三峽區,龍埔路
新北市,新北市淡水區,三塊厝
新北市,新北市淡水區,三民街
新北市,新北市淡水區,下圭柔山
新北市,新北市淡水區,中山北路
新北市,新北市淡水區,中山路
新北市,新北市淡水區,中正東路
新北市,新北市淡水區,中正路
新北市,新北市淡水區,仁愛街
新北市,新北市淡水區,八勢一街
新北市,新北市淡水區,八勢二街
新北市,新北市淡水區,八勢路
新北市,新北市淡水區,八里堆
新北市,新北市淡水區,公明街
新北市,新北市淡水區,六塊厝
新北市,新北市淡水區,北勢子
新北市,新北市淡水區,北投子
新北市,新北市淡水區,北新路
新北市,新北市淡水區,南勢埔
新北市,新北市淡水區,南平
新北市,新北市淡水區,博愛街
新北市,新北市淡水區,原德路
新北市,新北市淡水區,商工路
新北市,新北市淡水區,坪頂路
新北市,新北市淡水區,埤島
新北市,新北市淡水區,大仁街
新北市,新北市淡水區,大信街
新北市,新北市淡水區,大勇街
新北市,新北市淡水區,大同路
新北市,新北市淡水區,大忠街
新北市,新北市淡水區,大智街
新北市,新北市淡水區,大溪
新北市,新北市淡水區,大義街
新北市,新北市淡水區,奎柔山路
新北市,新北市淡水區,學府路
新北市,新北市淡水區,小中寮
新北市,新北市淡水區,小坪頂
新北市,新北市淡水區,尚頂一街
新北市,新北市淡水區,崁頂
新北市,新北市淡水區,崁頂三路
新北市,新北市淡水區,崁頂二路
新北市,新北市淡水區,崁頂五路
新北市,新北市淡水區,崙頂
新北市,新北市淡水區,平遠街
新北市,新北市淡水區,建設街
新北市,新北市淡水區,後洲路
新北市,新北市淡水區,忠愛街
新北市,新北市淡水區,文化路
新北市,新北市淡水區,新市一路
新北市,新北市淡水區,新市三路
新北市,新北市淡水區,新市二路
新北市,新北市淡水區,新市五路
新北市,新北市淡水區,新市六路
新北市,新北市淡水區,新春街
新北市,新北市淡水區,新民街
新北市,新北市淡水區,新生街
新北市,新北市淡水區,新興街
新北市,新北市淡水區,桂竹圍
新北市,新北市淡水區,桂花樹
新北市,新北市淡水區,椿子林
新北市,新北市淡水區,楓樹湖
新北市,新北市淡水區,樹林口
新北市,新北市淡水區,樹梅坑
新北市,新北市淡水區,民富街
新北市,新北市淡水區,民族路
新北市,新北市淡水區,民權一街
新北市,新北市淡水區,民權路
新北市,新北市淡水區,民生路
新北市,新北市淡水區,水尾子
新北市,新北市淡水區,水梘頭
新北市,新北市淡水區,水汴頭
新北市,新北市淡水區,水源街
新北市,新北市淡水區,水碓街
新北市,新北市淡水區,沙崙路
新北市,新北市淡水區,淡海路
新北市,新北市淡水區,淡金路
新北市,新北市淡水區,清水街
新北市,新北市淡水區,溪口
新北市,新北市淡水區,演戲埔腳
新北市,新北市淡水區,濱海路
新北市,新北市淡水區,瓦問號坑
新北市,新北市淡水區,番子厝
新北市,新北市淡水區,白石腳
新北市,新北市淡水區,真理街
新北市,新北市淡水區,石頭厝
新北市,新北市淡水區,石頭埔
新北市,新北市淡水區,破瓦厝子
新北市,新北市淡水區,社厝坑
新北市,新北市淡水區,竹圍子
新北市,新北市淡水區,竹林路
新北市,新北市淡水區,竿蓁一街
新北市,新北市淡水區,竿蓁二街
新北市,新北市淡水區,紅樹林路
新北市,新北市淡水區,義山路
新北市,新北市淡水區,自強路
新北市,新北市淡水區,自立路
新北市,新北市淡水區,興仁路
新北市,新北市淡水區,興福寮
新北市,新北市淡水區,英專路
新北市,新北市淡水區,行忠路
新北市,新北市淡水區,觀海路
新北市,新北市淡水區,鄧公路
新北市,新北市淡水區,重建街
新北市,新北市淡水區,長興街
新北市,新北市淡水區,雲廣坑
新北市,新北市淡水區,頂田寮
新北市,新北市淡水區,頂田寮路
新北市,新北市淡水區,馬偕街
新北市,新北市淡水區,鼻頭街
新北市,新北市汐止區,三民街
新北市,新北市汐止區,中正路
新北市,新北市汐止區,中興路
新北市,新北市汐止區,中華街
新北市,新北市汐止區,仁愛路
新北市,新北市汐止區,伯爵街
新北市,新北市汐止區,保一街
新北市,新北市汐止區,保新街
新北市,新北市汐止區,保長路
新北市,新北市汐止區,信義路
新北市,新北市汐止區,光復街
新北市,新北市汐止區,光明街
新北市,新北市汐止區,內曾路
新北市,新北市汐止區,八連路
新北市,新北市汐止區,公園路
新北市,新北市汐止區,力行街
新北市,新北市汐止區,勤進路
新北市,新北市汐止區,南勢街
新北市,新北市汐止區,南昌街
新北市,新北市汐止區,南興路
新北市,新北市汐止區,南陽街
新北市,新北市汐止區,原興路
新北市,新北市汐止區,合順街
新北市,新北市汐止區,吉林街
新北市,新北市汐止區,吉祥街
新北市,新北市汐止區,同興路
新北市,新北市汐止區,和平街
新北市,新北市汐止區,國興街
新北市,新北市汐止區,夢湖路
新北市,新北市汐止區,大同路
新北市,新北市汐止區,大安街
新北市,新北市汐止區,姜子寮路
新北市,新北市汐止區,宜興街
新北市,新北市汐止區,小坑路
新北市,新北市汐止區,工建路
新北市,新北市汐止區,康寧街
新北市,新北市汐止區,建成路
新北市,新北市汐止區,弘道街
新北市,新北市汐止區,復興路
新北市,新北市汐止區,忠一街
新北市,新北市汐止區,忠三街
新北市,新北市汐止區,忠二街
新北市,新北市汐止區,忠孝東路
新北市,新北市汐止區,招商街
新北市,新北市汐止區,新台五路
新北市,新北市汐止區,新昌路
新北市,新北市汐止區,新江北路
新北市,新北市汐止區,新興路
新北市,新北市汐止區,明峰街
新北市,新北市汐止區,東勢街
新北市,新北市汐止區,東山路
新北市,新北市汐止區,林森街
新北市,新北市汐止區,樟樹一路
新北市,新北市汐止區,樟樹二路
新北市,新北市汐止區,横科路
新北市,新北市汐止區,橋東街
新北市,新北市汐止區,橫科路
新北市,新北市汐止區,民族一街
新北市,新北市汐止區,民族三街
新北市,新北市汐止區,民族二街
新北市,新北市汐止區,民族五街
新北市,新北市汐止區,民族六街
新北市,新北市汐止區,民權街
新北市,新北市汐止區,民生街
新北市,新北市汐止區,水源路
新北市,新北市汐止區,水碓街
新北市,新北市汐止區,永春一路
新北市,新北市汐止區,永春二路
新北市,新北市汐止區,汐平路
新北市,新北市汐止區,汐碇路
新北市,新北市汐止區,汐科路
新北市,新北市汐止區,汐萬路
新北市,新北市汐止區,湖前街
新北市,新北市汐止區,湖東街
新北市,新北市汐止區,瑞松街
新北市,新北市汐止區,環山路
新北市,新北市汐止區,環河街
新北市,新北市汐止區,白雲路
新北市,新北市汐止區,祥雲街
新北市,新北市汐止區,福安街
新北市,新北市汐止區,福山街
新北市,新北市汐止區,福德一路
新北市,新北市汐止區,福德三路
新北市,新北市汐止區,福德二路
新北市,新北市汐止區,福德路
新北市,新北市汐止區,禮門街
新北市,新北市汐止區,秀山路
新北市,新北市汐止區,秀峰路
新北市,新北市汐止區,翠峰街
新北市,新北市汐止區,芳園街
新北市,新北市汐止區,茄安路
新北市,新北市汐止區,茄福街
新北市,新北市汐止區,茄興街
新北市,新北市汐止區,茄苳路
新北市,新北市汐止區,莊敬街
新北市,新北市汐止區,連峰街
新北市,新北市汐止區,連興街
新北市,新北市汐止區,鄉友街
新北市,新北市汐止區,鄉長路
新北市,新北市汐止區,長安路
新北市,新北市汐止區,長江街
新北市,新北市汐止區,長興街
新北市,新北市汐止區,長青路
新北市,新北市汐止區,青山路 
新北市,新北市汐止區,鵠鵠崙路
新北市,新北市汐止區,龍安路
新北市,新北市瑞芳區,㒬子上天路
新北市,新北市瑞芳區,一坑路
新北市,新北市瑞芳區,三爪子坑路
新北市,新北市瑞芳區,三爪子坑路國中新邨
新北市,新北市瑞芳區,三爪子坑路民享新村
新北市,新北市瑞芳區,中坑路
新北市,新北市瑞芳區,中央路
新北市,新北市瑞芳區,中山路
新北市,新北市瑞芳區,中正路
新北市,新北市瑞芳區,九芎橋路
新北市,新北市瑞芳區,五號路
新北市,新北市瑞芳區,佛堂巷
新北市,新北市瑞芳區,侯硐路
新北市,新北市瑞芳區,八號巷
新北市,新北市瑞芳區,半嶺路
新北市,新北市瑞芳區,南雅路
新北市,新北市瑞芳區,台電新邨
新北市,新北市瑞芳區,員山子路
新北市,新北市瑞芳區,哩咾路
新北市,新北市瑞芳區,四脚亭坑路
新北市,新北市瑞芳區,四脚亭埔路
新北市,新北市瑞芳區,坑子內路
新北市,新北市瑞芳區,坑尾巷
新北市,新北市瑞芳區,基山街
新北市,新北市瑞芳區,大埔路
新北市,新北市瑞芳區,大寮路
新北市,新北市瑞芳區,小粗坑路
新北市,新北市瑞芳區,山尖路
新北市,新北市瑞芳區,岳王路
新北市,新北市瑞芳區,崙頂路
新北市,新北市瑞芳區,平林路
新北市,新北市瑞芳區,建基新邨
新北市,新北市瑞芳區,建基路
新北市,新北市瑞芳區,後坑巷
新北市,新北市瑞芳區,新山路
新北市,新北市瑞芳區,新路
新北市,新北市瑞芳區,明燈路
新北市,新北市瑞芳區,明里路
新北市,新北市瑞芳區,月眉路
新北市,新北市瑞芳區,東和路
新北市,新北市瑞芳區,柴寮路
新北市,新北市瑞芳區,楓子瀨路
新北市,新北市瑞芳區,民族街
新北市,新北市瑞芳區,民權街
新北市,新北市瑞芳區,民生街
新北市,新北市瑞芳區,民生路
新北市,新北市瑞芳區,汽車路
新北市,新北市瑞芳區,洞頂路
新北市,新北市瑞芳區,海濱路
新北市,新北市瑞芳區,深澳路
新北市,新北市瑞芳區,滴水子路
新北市,新北市瑞芳區,濱二路
新北市,新北市瑞芳區,烏勢巷
新北市,新北市瑞芳區,烏塗窟路
新北市,新北市瑞芳區,瑞濱路
新北市,新北市瑞芳區,瑞竹路
新北市,新北市瑞芳區,瑞芳街
新北市,新北市瑞芳區,石埤巷
新北市,新北市瑞芳區,石尾路
新北市,新北市瑞芳區,石崁巷
新北市,新北市瑞芳區,祈堂路
新北市,新北市瑞芳區,竪崎路
新北市,新北市瑞芳區,籠山路
新北市,新北市瑞芳區,粗坑口路
新北市,新北市瑞芳區,蘭陽路
新北市,新北市瑞芳區,蛇子形路
新北市,新北市瑞芳區,輕便路
新北市,新北市瑞芳區,逢甲路
新北市,新北市瑞芳區,金光路
新北市,新北市瑞芳區,長仁路
新北市,新北市瑞芳區,靜安路
新北市,新北市瑞芳區,頂坪路
新北市,新北市瑞芳區,頂坪路瑞芳工業區
新北市,新北市瑞芳區,魚寮路
新北市,新北市瑞芳區,鼻頭路
新北市,新北市瑞芳區,龍山路
新北市,新北市瑞芳區,𫙮魚坑路
新北市,新北市土城區,三民路
新北市,新北市土城區,中央路
新北市,新北市土城區,中山路
新北市,新北市土城區,中州路
新北市,新北市土城區,中正路
新北市,新北市土城區,中興路
新北市,新北市土城區,中華路
新北市,新北市土城區,亞洲路
新北市,新北市土城區,仁愛路
新北市,新北市土城區,光明街
新北市,新北市土城區,勝利街
新北市,新北市土城區,千歲路
新北市,新北市土城區,南天母路
新北市,新北市土城區,和城路
新北市,新北市土城區,和平路
新北市,新北市土城區,員林街
新北市,新北市土城區,員福街
新北市,新北市土城區,四川路
新北市,新北市土城區,國際路
新北市,新北市土城區,城林路
新北市,新北市土城區,大同街
新北市,新北市土城區,大安路
新北市,新北市土城區,大暖路
新北市,新北市土城區,學享街
新北市,新北市土城區,學士路
新北市,新北市土城區,學府路
新北市,新北市土城區,學成路
新北市,新北市土城區,學海街
新北市,新北市土城區,峯廷街
新北市,新北市土城區,廣明街
新北市,新北市土城區,廣福街
新北市,新北市土城區,廣興街
新北市,新北市土城區,延吉街
新北市,新北市土城區,延和路
新北市,新北市土城區,延壽路
新北市,新北市土城區,延安街
新北市,新北市土城區,延峯街
新北市,新北市土城區,延平街
新北市,新北市土城區,復興街
新北市,新北市土城區,德安街
新北市,新北市土城區,德峯街
新北市,新北市土城區,德興街
新北市,新北市土城區,忠承路
新北市,新北市土城區,忠義路
新北市,新北市土城區,慶利街
新北市,新北市土城區,慶和街
新北市,新北市土城區,慶安街
新北市,新北市土城區,慶樂街
新北市,新北市土城區,慶祥街
新北市,新北市土城區,成功街
新北市,新北市土城區,承天路
新北市,新北市土城區,擺接堡路
新北市,新北市土城區,新洲路
新北市,新北市土城區,日和街
新北市,新北市土城區,日新街
新北市,新北市土城區,明峯街
新北市,新北市土城區,明德路
新北市,新北市土城區,樂利街
新北市,新北市土城區,民安街
新北市,新北市土城區,民族街
新北市,新北市土城區,民權街
新北市,新北市土城區,民生街
新北市,新北市土城區,水源街
新北市,新北市土城區,永和街
新北市,新北市土城區,永安街
新北市,新北市土城區,永寧路
新北市,新北市土城區,永平街
新北市,新北市土城區,永豐路
新北市,新北市土城區,海山路
新北市,新北市土城區,清水路
新北市,新北市土城區,溪頭路
新北市,新北市土城區,石門路
新北市,新北市土城區,福仁街
新北市,新北市土城區,福安街
新北市,新北市土城區,福田路
新北市,新北市土城區,福祥街
新北市,新北市土城區,立仁街
新北市,新北市土城區,立德路
新北市,新北市土城區,立清街
新北市,新北市土城區,立雲街
新北市,新北市土城區,自強街
新北市,新北市土城區,自由街
新北市,新北市土城區,興城路
新北市,新北市土城區,莊園街
新北市,新北市土城區,裕民路
新北市,新北市土城區,裕生路
新北市,新北市土城區,裕華街
新北市,新北市土城區,農豐街
新北市,新北市土城區,金城路
新北市,新北市土城區,金安街
新北市,新北市土城區,青仁路
新北市,新北市土城區,青和街
新北市,新北市土城區,青山路
新北市,新北市土城區,青福街
新北市,新北市土城區,青隆街
新北市,新北市土城區,青雲路
新北市,新北市土城區,頂埔街
新北市,新北市土城區,順風路
新北市,新北市土城區,龍山一街
新北市,新北市土城區,龍山二街
新北市,新北市土城區,龍泉路
新北市,新北市蘆洲區,三民路
新北市,新北市蘆洲區,中原路
新北市,新北市蘆洲區,中央路
新北市,新北市蘆洲區,中山一路
新北市,新北市蘆洲區,中山二路
新北市,新北市蘆洲區,中正路
新北市,新北市蘆洲區,中興街
新北市,新北市蘆洲區,中華街
新北市,新北市蘆洲區,九芎街
新北市,新北市蘆洲區,仁愛街
新北市,新北市蘆洲區,保和街
新北市,新北市蘆洲區,信義路
新北市,新北市蘆洲區,光復路
新北市,新北市蘆洲區,光明路
新北市,新北市蘆洲區,光榮路
新北市,新北市蘆洲區,光華路
新北市,新北市蘆洲區,和平路
新北市,新北市蘆洲區,國道路
新北市,新北市蘆洲區,得勝街
新北市,新北市蘆洲區,復興路
新北市,新北市蘆洲區,忠孝路
新北市,新北市蘆洲區,成功路
新北市,新北市蘆洲區,正和街
新北市,新北市蘆洲區,民族路
新北市,新北市蘆洲區,民權路
新北市,新北市蘆洲區,民生街
新北市,新北市蘆洲區,民義街
新北市,新北市蘆洲區,水湳街
新北市,新北市蘆洲區,永安北路
新北市,新北市蘆洲區,永安南路
新北市,新北市蘆洲區,永平街
新北市,新北市蘆洲區,永康街
新北市,新北市蘆洲區,永樂街
新北市,新北市蘆洲區,環堤大道
新北市,新北市蘆洲區,重陽一街
新北市,新北市蘆洲區,重陽二街
新北市,新北市蘆洲區,重陽街
新北市,新北市蘆洲區,長安街
新北市,新北市蘆洲區,長榮路
新北市,新北市蘆洲區,長樂路
新北市,新北市蘆洲區,長興路
新北市,新北市蘆洲區,集賢路
新北市,新北市蘆洲區,鷺江街
新北市,新北市五股區,中直路
新北市,新北市五股區,中興路
新北市,新北市五股區,五工一路
新北市,新北市五股區,五工三路
新北市,新北市五股區,五工二路
新北市,新北市五股區,五工五路
新北市,新北市五股區,五工六路
新北市,新北市五股區,五工路
新北市,新北市五股區,五權七路
新北市,新北市五股區,五權三路
新北市,新北市五股區,五權二路
新北市,新北市五股區,五權五路
新北市,新北市五股區,五權八路
新北市,新北市五股區,五權六路
新北市,新北市五股區,五權路
新北市,新北市五股區,五福路
新北市,新北市五股區,六合街
新北市,新北市五股區,凌雲路
新北市,新北市五股區,四維路
新北市,新北市五股區,國道路
新北市,新北市五股區,壟鈎路
新北市,新北市五股區,夏綠地街
新北市,新北市五股區,外寮路
新北市,新北市五股區,天乙路
新北市,新北市五股區,孝義路
新北市,新北市五股區,工九路
新北市,新北市五股區,工商路
新北市,新北市五股區,御史路
新北市,新北市五股區,御成路
新北市,新北市五股區,成泰路
新北市,新北市五股區,成洲一路
新北市,新北市五股區,成洲三路
新北市,新北市五股區,成洲五路
新北市,新北市五股區,新五路
新北市,新北市五股區,新城一路
新北市,新北市五股區,新城三路
新北市,新北市五股區,新城五路
新北市,新北市五股區,新城八路
新北市,新北市五股區,新城六路
新北市,新北市五股區,明德路
新北市,新北市五股區,更洲路
新北市,新北市五股區,民義路
新北市,新北市五股區,水碓一路
新北市,新北市五股區,水碓七路
新北市,新北市五股區,水碓三路
新北市,新北市五股區,水碓九路
新北市,新北市五股區,水碓二路
新北市,新北市五股區,水碓五路
新北市,新北市五股區,水碓六路
新北市,新北市五股區,水碓路
新北市,新北市五股區,淩雲路
新北市,新北市五股區,疏洪北路
新北市,新北市五股區,登林路
新北市,新北市五股區,自強路
新北市,新北市五股區,芳洲一路
新北市,新北市五股區,芳洲七路
新北市,新北市五股區,芳洲九路
新北市,新北市五股區,芳洲二路
新北市,新北市五股區,芳洲五路
新北市,新北市五股區,芳洲八路
新北市,新北市五股區,芳洲六路
新北市,新北市五股區,芳洲路
新北市,新北市五股區,蓬萊路
新北市,新北市五股區,西雲路
新北市,新北市泰山區,中央路
新北市,新北市泰山區,中港南路
新北市,新北市泰山區,中港西路
新北市,新北市泰山區,中華街
新北市,新北市泰山區,仁德路
新北市,新北市泰山區,仁愛路
新北市,新北市泰山區,仁武街
新北市,新北市泰山區,仁義路
新北市,新北市泰山區,信義街
新北市,新北市泰山區,信華一街
新北市,新北市泰山區,信華三街
新北市,新北市泰山區,信華二街
新北市,新北市泰山區,信華六街
新北市,新北市泰山區,全興路
新北市,新北市泰山區,公園路
新北市,新北市泰山區,半山雅
新北市,新北市泰山區,南林路
新北市,新北市泰山區,南泰路
新北市,新北市泰山區,台麗街
新北市,新北市泰山區,同義街
新北市,新北市泰山區,和平街
新北市,新北市泰山區,坡雅頭
新北市,新北市泰山區,壽山路
新北市,新北市泰山區,大科一路
新北市,新北市泰山區,大科路
新北市,新北市泰山區,工專路
新北市,新北市泰山區,德安街
新北市,新北市泰山區,忠孝街
新北市,新北市泰山區,憲訓路
新北市,新北市泰山區,應化街
新北市,新北市泰山區,文化街
新北市,新北市泰山區,文程路
新北市,新北市泰山區,新五路
新北市,新北市泰山區,新北大道
新北市,新北市泰山區,新民路
新北市,新北市泰山區,新生路
新北市,新北市泰山區,明志路
新北市,新北市泰山區,柯厝坑
新北市,新北市泰山區,楓樹街
新北市,新北市泰山區,楓江路
新北市,新北市泰山區,民國街
新北市,新北市泰山區,民族街
新北市,新北市泰山區,民權街
新北市,新北市泰山區,民生路
新北市,新北市泰山區,泰山路
新北市,新北市泰山區,泰林路
新北市,新北市泰山區,漢口街
新北市,新北市泰山區,犂頭窠
新北市,新北市泰山區,福德街
新北市,新北市泰山區,福泰街
新北市,新北市泰山區,福興一街
新北市,新北市泰山區,福興三街
新北市,新北市泰山區,福興二街
新北市,新北市泰山區,福興街
新北市,新北市泰山區,美寧街
新北市,新北市泰山區,莊泰路
新北市,新北市泰山區,莊田路
新北市,新北市泰山區,貴子路
新北市,新北市泰山區,貴陽街
新北市,新北市泰山區,貴鳳街
新北市,新北市泰山區,辭修路
新北市,新北市泰山區,錢厝坑
新北市,新北市泰山區,黎明路
新北市,新北市林口區,三民路
新北市,新北市林口區,下福
新北市,新北市林口區,中北一街
新北市,新北市林口區,中北三街
新北市,新北市林口區,中北二街
新北市,新北市林口區,中原街
新北市,新北市林口區,中山路
新北市,新北市林口區,中正路
新北市,新北市林口區,中湖
新北市,新北市林口區,中興街
新北市,新北市林口區,中華一路
新北市,新北市林口區,中華路
新北市,新北市林口區,井泉街
新北市,新北市林口區,仁愛二路
新北市,新北市林口區,仁愛路
新北市,新北市林口區,佳林路
新北市,新北市林口區,信義路
新北市,新北市林口區,八德路
新北市,新北市林口區,公園路
新北市,新北市林口區,南勢
新北市,新北市林口區,南勢一街
新北市,新北市林口區,南勢七街
新北市,新北市林口區,南勢三街
新北市,新北市林口區,南勢二街
新北市,新北市林口區,南勢五街
新北市,新北市林口區,南勢六街
新北市,新北市林口區,南勢四街
新北市,新北市林口區,南勢街
新北市,新北市林口區,南福路
新北市,新北市林口區,台電新村
新北市,新北市林口區,吉林街
新北市,新北市林口區,吉祥路
新北市,新北市林口區,嘉溪雅坑
新北市,新北市林口區,四維路
新北市,新北市林口區,大水湳路
新北市,新北市林口區,太平嶺
新北市,新北市林口區,宏昌街
新北市,新北市林口區,富貴路
新北市,新北市林口區,寶斗厝坑
新北市,新北市林口區,寶林路
新北市,新北市林口區,工七路
新北市,新北市林口區,工九路
新北市,新北市林口區,工二區工七路
新北市,新北市林口區,工二區工三路
新北市,新北市林口區,工二區工九路
新北市,新北市林口區,工二區工二路
新北市,新北市林口區,工二區工五路
新北市,新北市林口區,工二區工八路
新北市,新北市林口區,工二區工六路
新北市,新北市林口區,工二區工四路
新北市,新北市林口區,工二工業區工七路
新北市,新北市林口區,工二工業區工三路
新北市,新北市林口區,工二工業區工九路
新北市,新北市林口區,工二工業區工五路
新北市,新北市林口區,工二工業區工八路
新北市,新北市林口區,工二工業區工六路
新北市,新北市林口區,工二工業區工四路
新北市,新北市林口區,工二路
新北市,新北市林口區,工五路
新北市,新北市林口區,工八路
新北市,新北市林口區,工六路
新北市,新北市林口區,工四路
新北市,新北市林口區,後坑
新北市,新北市林口區,後湖
新北市,新北市林口區,忠孝一路
新北市,新北市林口區,忠孝三路
新北市,新北市林口區,忠孝二路
新北市,新北市林口區,忠孝路
新北市,新北市林口區,忠福路
新北市,新北市林口區,惠民街
新北市,新北市林口區,文化一路
新北市,新北市林口區,文化三路
新北市,新北市林口區,文化二路
新北市,新北市林口區,文化北路
新北市,新北市林口區,文明街
新北市,新北市林口區,文林一街
新北市,新北市林口區,文林三街
新北市,新北市林口區,文林二街
新北市,新北市林口區,文林五街
新北市,新北市林口區,文林六街
新北市,新北市林口區,文林四街
新北市,新北市林口區,文林街
新北市,新北市林口區,新寮
新北市,新北市林口區,新生街
新北市,新北市林口區,東明一街
新北市,新北市林口區,東明三街
新北市,新北市林口區,東明二街
新北市,新北市林口區,東林街
新北市,新北市林口區,東湖一街
新北市,新北市林口區,東湖路
新北市,新北市林口區,松柏路
新北市,新北市林口區,林口路
新北市,新北市林口區,民享路
新北市,新北市林口區,民富街
新北市,新北市林口區,民族路
新北市,新北市林口區,民有街
新北市,新北市林口區,民權路
新北市,新北市林口區,民治路
新北市,新北市林口區,民生路
新北市,新北市林口區,汕頭
新北市,新北市林口區,湖子
新北市,新北市林口區,源泉街
新北市,新北市林口區,瑞樹坑
新北市,新北市林口區,福林路
新北市,新北市林口區,竹林一路
新北市,新北市林口區,竹林路
新北市,新北市林口區,粉寮一街
新北市,新北市林口區,粉寮路
新北市,新北市林口區,育林街
新北市,新北市林口區,自強一街
新北市,新北市林口區,自強七街
新北市,新北市林口區,自強三街
新北市,新北市林口區,自強九街
新北市,新北市林口區,自強二街
新北市,新北市林口區,自強五街
新北市,新北市林口區,自強八街
新北市,新北市林口區,自強六街
新北市,新北市林口區,自強四街
新北市,新北市林口區,興林一街
新北市,新北市林口區,興林二街
新北市,新北市林口區,興林路
新北市,新北市林口區,菁埔
新北市,新北市林口區,過崙街
新北市,新北市林口區,隆林街
新北市,新北市林口區,頂福
新北市,新北市林口區,麗園一街
新北市,新北市林口區,麗園二街
新北市,新北市林口區,麗園路
新北市,新北市深坑區,北深路
新北市,新北市深坑區,向天湖
新北市,新北市深坑區,土庫尖路
新北市,新北市深坑區,埔新街
新北市,新北市深坑區,大坪街
新北市,新北市深坑區,大崙尾
新北市,新北市深坑區,大崙脚
新北市,新北市深坑區,平埔街
新北市,新北市深坑區,文化街
新北市,新北市深坑區,文山路
新北市,新北市深坑區,旺躭路
新北市,新北市深坑區,昇高坑路
新北市,新北市深坑區,松柏街
新北市,新北市深坑區,梘脚坑
新北市,新北市深坑區,深南路
新北市,新北市深坑區,深坑街
新北市,新北市深坑區,炮子崙
新北市,新北市深坑區,烏月路
新北市,新北市深坑區,王軍寮
新北市,新北市深坑區,福音山莊
新北市,新北市深坑區,紅葉街
新北市,新北市深坑區,翠谷街
新北市,新北市深坑區,萬福路
新北市,新北市深坑區,阿柔洋
新北市,新北市深坑區,雲鄉路
新北市,新北市深坑區,風格街
新北市,新北市石碇區,下橫坪
新北市,新北市石碇區,中楒仔腳
新北市,新北市石碇區,二格路
新北市,新北市石碇區,光明路
新北市,新北市石碇區,內楒仔腳
新北市,新北市石碇區,八分寮
新北市,新北市石碇區,冷飯坑
新北市,新北市石碇區,北宜路
新北市,新北市石碇區,十八重溪
新北市,新北市石碇區,半路
新北市,新北市石碇區,半路店
新北市,新北市石碇區,南勢坑
新北市,新北市石碇區,員潭子坑
新北市,新北市石碇區,四分子路
新北市,新北市石碇區,大溪墘
新北市,新北市石碇區,小粗坑
新北市,新北市石碇區,崩山
新北市,新北市石碇區,文山路
新北市,新北市石碇區,楓子林
新北市,新北市石碇區,樟空子
新北市,新北市石碇區,模乳巷
新北市,新北市石碇區,橫坪
新北市,新北市石碇區,湳窟
新北市,新北市石碇區,溪邊寮
新北市,新北市石碇區,玉桂嶺
新北市,新北市石碇區,番子坑
新北市,新北市石碇區,石崁
新北市,新北市石碇區,石汐路
新北市,新北市石碇區,石碇子埔
新北市,新北市石碇區,石碇東街
新北市,新北市石碇區,石碇西街
新北市,新北市石碇區,碇南路
新北市,新北市石碇區,碇坪路
新北市,新北市石碇區,碇格路
新北市,新北市石碇區,磨石坑
新北市,新北市石碇區,華梵路
新北市,新北市石碇區,藤寮坑
新北市,新北市石碇區,蚯蚓坑
新北市,新北市石碇區,雙溪
新北市,新北市石碇區,靜安路
新北市,新北市坪林區,上坑子口
新北市,新北市坪林區,下坑子口
新北市,新北市坪林區,九芎林
新北市,新北市坪林區,九芎根
新北市,新北市坪林區,仁里坂
新北市,新北市坪林區,北宜路
新北市,新北市坪林區,國中路
新北市,新北市坪林區,坪林
新北市,新北市坪林區,坪碇路
新北市,新北市坪林區,坪雙路
新北市,新北市坪林區,大粗坑
新北市,新北市坪林區,大舌湖
新北市,新北市坪林區,小粗坑
新北市,新北市坪林區,柑腳坑
新北市,新北市坪林區,桶盤嶼
新北市,新北市坪林區,樟空子
新北市,新北市坪林區,水柳腳
新北市,新北市坪林區,水聳淒坑
新北市,新北市坪林區,石𥕢
新北市,新北市坪林區,苦苓腳
新北市,新北市坪林區,虎寮潭
新北市,新北市坪林區,鶯子瀨
新北市,新北市坪林區,𩻸魚堀
新北市,新北市三芝區,三民街
新北市,新北市三芝區,中山路
新北市,新北市三芝區,中正路
新北市,新北市三芝區,中興街
新北市,新北市三芝區,二坪頂
新北市,新北市三芝區,五脚松
新北市,新北市三芝區,光仁街
新北市,新北市三芝區,光復街
新北市,新北市三芝區,光明街
新北市,新北市三芝區,光華街
新北市,新北市三芝區,光隆街
新北市,新北市三芝區,八連溪
新北市,新北市三芝區,公正街
新北市,新北市三芝區,利民街
新北市,新北市三芝區,北勢子
新北市,新北市三芝區,北海路
新北市,新北市三芝區,南勢崗
新北市,新北市三芝區,古庄
新北市,新北市三芝區,四棧橋
新北市,新北市三芝區,土地公坑
新北市,新北市三芝區,土地公埔
新北市,新北市三芝區,埔尾
新北市,新北市三芝區,埔頭
新北市,新北市三芝區,埔頭坑
新北市,新北市三芝區,大坑
新北市,新北市三芝區,大湖
新北市,新北市三芝區,大片頭
新北市,新北市三芝區,小坑子
新北市,新北市三芝區,店子
新北市,新北市三芝區,忠孝街
新北市,新北市三芝區,新庄子
新北市,新北市三芝區,晴光街
新北市,新北市三芝區,智成街
新北市,新北市三芝區,木屐寮
新北市,新北市三芝區,梀板頭
新北市,新北市三芝區,楓二街
新北市,新北市三芝區,楓子林
新北市,新北市三芝區,楓林一街
新北市,新北市三芝區,楓林三街
新北市,新北市三芝區,楓林二街
新北市,新北市三芝區,楓林五街
新北市,新北市三芝區,楓林六街
新北市,新北市三芝區,楓林路
新北市,新北市三芝區,樂全街
新北市,新北市三芝區,橫山
新北市,新北市三芝區,民生街
新北市,新北市三芝區,海尾
新北市,新北市三芝區,海景一街
新北市,新北市三芝區,海景三街
新北市,新北市三芝區,海景二街
新北市,新北市三芝區,海景五街
新北市,新北市三芝區,海景四街
新北市,新北市三芝區,淡金路
新北市,新北市三芝區,淺水灣街
新北市,新北市三芝區,淺水街
新北市,新北市三芝區,淺灣街
新北市,新北市三芝區,田心子
新北市,新北市三芝區,番婆林
新北市,新北市三芝區,番子崙
新北市,新北市三芝區,石曹子坑
新北市,新北市三芝區,聽濤街
新北市,新北市三芝區,育英街
新北市,新北市三芝區,芝柏一街
新北市,新北市三芝區,芝柏三街
新北市,新北市三芝區,芝柏二街
新北市,新北市三芝區,芝柏五街
新北市,新北市三芝區,芝柏路
新北市,新北市三芝區,芝麻一街
新北市,新北市三芝區,芝麻三街
新北市,新北市三芝區,芝麻二街
新北市,新北市三芝區,芝麻五街
新北市,新北市三芝區,芝麻四街
新北市,新北市三芝區,茂興店
新北市,新北市三芝區,菜公坑
新北市,新北市三芝區,華美七街
新北市,新北市三芝區,蕃社后
新北市,新北市三芝區,蘭陽街
新北市,新北市三芝區,觀海街
新北市,新北市三芝區,車埕
新北市,新北市三芝區,車新路
新北市,新北市三芝區,迎旭街
新北市,新北市三芝區,長勤街
新北市,新北市三芝區,長安街
新北市,新北市三芝區,長春街
新北市,新北市三芝區,陳厝坑
新北市,新北市三芝區,陽住坑
新北市,新北市三芝區,陽明路
新北市,新北市三芝區,龜子山
新北市,新北市石門區,下員坑
新北市,新北市石門區,中央路
新北市,新北市石門區,中山路
新北市,新北市石門區,九芎林
新北市,新北市石門區,五爪崙
新北市,新北市石門區,內石門
新北市,新北市石門區,內阿里磅
新北市,新北市石門區,八甲
新北市,新北市石門區,嘉祿街
新北市,新北市石門區,坪林
新北市,新北市石門區,大丘田
新北市,新北市石門區,大溪墘
新北市,新北市石門區,尖子鹿
新北市,新北市石門區,尖山湖
新北市,新北市石門區,崁子脚
新北市,新北市石門區,楓林
新北市,新北市石門區,海園路
新北市,新北市石門區,海灣新城
新北市,新北市石門區,猪槽潭
新北市,新北市石門區,石崩山
新北市,新北市石門區,石門街
新北市,新北市石門區,福安街
新北市,新北市石門區,老崩山
新北市,新北市石門區,老梅路
新北市,新北市石門區,茂林社區
新北市,新北市石門區,草埔尾
新北市,新北市石門區,阿里荖
新北市,新北市八里區,下罟子
新北市,新北市八里區,中山路
新北市,新北市八里區,中華路
新北市,新北市八里區,仁一街
新北市,新北市八里區,仁三街
新北市,新北市八里區,仁愛路
新北市,新北市八里區,八里大道
新北市,新北市八里區,十三行路
新北市,新北市八里區,博物館路
新北市,新北市八里區,厦竹圍
新北市,新北市八里區,商港一路
新北市,新北市八里區,商港七路
新北市,新北市八里區,商港三路
新北市,新北市八里區,商港二路
新北市,新北市八里區,商港五路
新北市,新北市八里區,商港八路
新北市,新北市八里區,商港六路
新北市,新北市八里區,商港路
新北市,新北市八里區,四維街
新北市,新北市八里區,埤頭一街
新北市,新北市八里區,埤頭二街
新北市,新北市八里區,大堀湖
新北市,新北市八里區,大崁一街
新北市,新北市八里區,大崁三街
新北市,新北市八里區,大崁二街
新北市,新北市八里區,小坑
新北市,新北市八里區,忠一街
新北市,新北市八里區,忠七街
新北市,新北市八里區,忠二街
新北市,新北市八里區,忠五街
新北市,新北市八里區,忠八街
新北市,新北市八里區,忠六街
新北市,新北市八里區,忠四街
新北市,新北市八里區,忠孝路
新北市,新北市八里區,挖子尾街
新北市,新北市八里區,文化街
新北市,新北市八里區,文心街
新北市,新北市八里區,文昌一街
新北市,新北市八里區,文昌七街
新北市,新北市八里區,文昌三街
新北市,新北市八里區,文昌二街
新北市,新北市八里區,文昌五街
新北市,新北市八里區,文昌六街
新北市,新北市八里區,文昌路
新北市,新北市八里區,松子腳
新北市,新北市八里區,楓林坑
新北市,新北市八里區,民享街
新北市,新北市八里區,民有街
新北市,新北市八里區,民治街
新北市,新北市八里區,渡船頭
新北市,新北市八里區,渡船頭街
新北市,新北市八里區,牛寮埔
新北市,新北市八里區,狀元路
新北市,新北市八里區,福德新村
新北市,新北市八里區,米倉
新北市,新北市八里區,義民街
新北市,新北市八里區,舊城路
新北市,新北市八里區,荖阡坑路
新北市,新北市八里區,華富山
新北市,新北市八里區,華峰一街
新北市,新北市八里區,華峰三街
新北市,新北市八里區,華峰二街
新北市,新北市八里區,觀海大道
新北市,新北市八里區,訊埔路
新北市,新北市八里區,訊塘二路
新北市,新北市八里區,訊塘路
新北市,新北市八里區,賢一街
新北市,新北市八里區,賢三街
新北市,新北市八里區,賢二街
新北市,新北市八里區,賢街
新北市,新北市八里區,長坑口
新北市,新北市八里區,長道坑
新北市,新北市八里區,頂寮一街
新北市,新北市八里區,頂寮三街
新北市,新北市八里區,頂寮二街
新北市,新北市八里區,頂寮五街
新北市,新北市八里區,頂罟一路
新北市,新北市八里區,龍形一街
新北市,新北市八里區,龍形三街
新北市,新北市八里區,龍形二街
新北市,新北市八里區,龍形五街
新北市,新北市八里區,龍米路
新北市,新北市平溪區,三坑
新北市,新北市平溪區,中埔
新北市,新北市平溪區,中華街
新北市,新北市平溪區,乾坑
新北市,新北市平溪區,五分寮
新北市,新北市平溪區,公園街
新北市,新北市平溪區,十分街
新北市,新北市平溪區,南山坪
新北市,新北市平溪區,大厝路
新北市,新北市平溪區,大湖
新北市,新北市平溪區,嶺腳寮
新北市,新北市平溪區,平溪街
新北市,新北市平溪區,望古坑
新北市,新北市平溪區,望古坑路
新北市,新北市平溪區,火燒寮
新北市,新北市平溪區,灰窯
新北市,新北市平溪區,番子坑
新北市,新北市平溪區,石底街
新北市,新北市平溪區,石灼坑
新北市,新北市平溪區,石硿子
新北市,新北市平溪區,石碣後
新北市,新北市平溪區,石筍尖
新北市,新北市平溪區,竿蓁坑
新北市,新北市平溪區,竿蓁林
新北市,新北市平溪區,竿蓁林路
新北市,新北市平溪區,菁桐街
新北市,新北市平溪區,薯榔寮
新北市,新北市平溪區,雙菁路
新北市,新北市平溪區,靜安路
新北市,新北市平溪區,頂寮子
新北市,新北市雙溪區,丁子蘭坑
新北市,新北市雙溪區,三叉坑
新北市,新北市雙溪區,下坑
新北市,新北市雙溪區,中山路
新北市,新北市雙溪區,中正路
新北市,新北市雙溪區,中華路
新北市,新北市雙溪區,光復街
新北市,新北市雙溪區,內平林
新北市,新北市雙溪區,內挖
新北市,新北市雙溪區,八股
新北市,新北市雙溪區,勝利街
新北市,新北市雙溪區,十三層
新北市,新北市雙溪區,双澳
新北市,新北市雙溪區,后番子坑
新北市,新北市雙溪區,四分子
新北市,新北市雙溪區,坤溪
新北市,新北市雙溪區,外平林
新北市,新北市雙溪區,外平林康福家園
新北市,新北市雙溪區,外柑脚
新北市,新北市雙溪區,大同街
新北市,新北市雙溪區,大平
新北市,新北市雙溪區,大瀨
新北市,新北市雙溪區,太平路
新北市,新北市雙溪區,定福
新北市,新北市雙溪區,政光
新北市,新北市雙溪區,料角坑
新北市,新北市雙溪區,新基北街
新北市,新北市雙溪區,新基南街
新北市,新北市雙溪區,新基東街
新北市,新北市雙溪區,新基西街
新北市,新北市雙溪區,新寮子
新北市,新北市雙溪區,朝陽街
新北市,新北市雙溪區,東榮街
新北市,新北市雙溪區,柑脚
新北市,新北市雙溪區,梅竹蹊
新北市,新北市雙溪區,泰和街
新北市,新北市雙溪區,泰昌街
新北市,新北市雙溪區,溪尾寮
新北市,新北市雙溪區,烏山
新北市,新北市雙溪區,牡丹
新北市,新北市雙溪區,盤山坑
新北市,新北市雙溪區,竹林
新北市,新北市雙溪區,聖南
新北市,新北市雙溪區,自強路
新北市,新北市雙溪區,警政街
新北市,新北市雙溪區,赤皮崙
新北市,新北市雙溪區,遠景
新北市,新北市雙溪區,長安街
新北市,新北市雙溪區,青雲
新北市,新北市雙溪區,頂坑
新北市,新北市貢寮區,下双溪街
新北市,新北市貢寮區,丹裡街
新北市,新北市貢寮區,仁和路
新北市,新北市貢寮區,仁愛路
新北市,新北市貢寮區,仁義街
新北市,新北市貢寮區,保健街
新北市,新北市貢寮區,內寮街
新北市,新北市貢寮區,內隆林街
新北市,新北市貢寮區,北勢坑街
新北市,新北市貢寮區,南勢坑街
新北市,新北市貢寮區,和美街
新北市,新北市貢寮區,土地公嶺街
新北市,新北市貢寮區,外隆林街
新北市,新北市貢寮區,大澳街
新北市,新北市貢寮區,學苑街
新北市,新北市貢寮區,尖山脚街
新北市,新北市貢寮區,嵩陽街
新北市,新北市貢寮區,巫里岸街
新北市,新北市貢寮區,延平街
新北市,新北市貢寮區,復興街
新北市,新北市貢寮區,德心街
新北市,新北市貢寮區,惠隆街
新北市,新北市貢寮區,文秀坑街
新北市,新北市貢寮區,新港街
新北市,新北市貢寮區,朝陽街
新北市,新北市貢寮區,東興街
新北市,新北市貢寮區,枋脚街
新北市,新北市貢寮區,桂安街
新北市,新北市貢寮區,水返港街
新北市,新北市貢寮區,泮宮路
新北市,新北市貢寮區,田寮洋街
新北市,新北市貢寮區,石壁坑街
新北市,新北市貢寮區,研海街
新北市,新北市貢寮區,福興街
新北市,新北市貢寮區,福連街
新北市,新北市貢寮區,福隆街
新北市,新北市貢寮區,美灔山街
新北市,新北市貢寮區,興隆街
新北市,新北市貢寮區,荖寮街
新北市,新北市貢寮區,蓬萊街
新北市,新北市貢寮區,虎子山街
新北市,新北市貢寮區,裕隆街
新北市,新北市貢寮區,貢寮街
新北市,新北市貢寮區,遠望坑街
新北市,新北市貢寮區,長泰路
新北市,新北市貢寮區,長潭街
新北市,新北市貢寮區,雞母嶺街
新北市,新北市貢寮區,香蘭街
新北市,新北市貢寮區,馬崗街
新北市,新北市貢寮區,龍洞街
新北市,新北市貢寮區,龍門街
新北市,新北市貢寮區,龜壽谷街
新北市,新北市金山區,三民街
新北市,新北市金山區,三界壇路
新北市,新北市金山區,下六股
新北市,新北市金山區,中信北路
新北市,新北市金山區,中信南路
新北市,新北市金山區,中山路
新北市,新北市金山區,中正路
新北市,新北市金山區,中華路
新北市,新北市金山區,仁愛路
新北市,新北市金山區,信義路
新北市,新北市金山區,倒照湖
新北市,新北市金山區,八德街
新北市,新北市金山區,六股林口
新北市,新北市金山區,半嶺
新北市,新北市金山區,南勢
新北市,新北市金山區,南勢湖
新北市,新北市金山區,名流路
新北市,新北市金山區,和平街
新北市,新北市金山區,四維路
新北市,新北市金山區,坑子內
新北市,新北市金山區,尖山子
新北市,新北市金山區,山城路
新北市,新北市金山區,忠孝一路
新北市,新北市金山區,忠義路
新北市,新北市金山區,慈護街
新北市,新北市金山區,文化一路
新北市,新北市金山區,文化三路
新北市,新北市金山區,文化二路
新北市,新北市金山區,曲尺坑
新北市,新北市金山區,月眉
新北市,新北市金山區,林口
新北市,新北市金山區,民生路
新北市,新北市金山區,法鼓路
新北市,新北市金山區,海興路
新北市,新北市金山區,清水路
新北市,新北市金山區,温泉路
新北市,新北市金山區,潭子內
新北市,新北市金山區,濆水
新北市,新北市金山區,焿子坪
新北市,新北市金山區,玉爐路
新北市,新北市金山區,環金路
新北市,新北市金山區,磺清路
新北市,新北市金山區,磺港路
新北市,新北市金山區,福德街
新北市,新北市金山區,秀峰坪
新北市,新北市金山區,自強路
新北市,新北市金山區,茅埔頭
新北市,新北市金山區,葵扇湖
新北市,新北市金山區,西勢湖
新北市,新北市金山區,跳石
新北市,新北市金山區,金包里街
新北市,新北市金山區,金美街
新北市,新北市金山區,青年路
新北市,新北市金山區,頂六股
新北市,新北市金山區,香菓園
新北市,新北市萬里區,中福
新北市,新北市萬里區,二坪
新北市,新北市萬里區,仁一街
新北市,新北市萬里區,仁七街
新北市,新北市萬里區,仁三街
新北市,新北市萬里區,仁二街
新北市,新北市萬里區,仁五街
新北市,新北市萬里區,仁六街
新北市,新北市萬里區,仁四街
新北市,新北市萬里區,光宇一路
新北市,新北市萬里區,光宇三路
新北市,新北市萬里區,光宇二路
新北市,新北市萬里區,光宇大道
新北市,新北市萬里區,內中福
新北市,新北市萬里區,內崁
新北市,新北市萬里區,公舘崙
新北市,新北市萬里區,員潭
新北市,新北市萬里區,坪頂
新北市,新北市萬里區,大仁街
新北市,新北市萬里區,大勇路
新北市,新北市萬里區,大坪
新北市,新北市萬里區,大湖
新北市,新北市萬里區,大鵬街
新北市,新北市萬里區,太和
新北市,新北市萬里區,孝一街
新北市,新北市萬里區,孝七街
新北市,新北市萬里區,孝三街
新北市,新北市萬里區,孝二街
新北市,新北市萬里區,孝五街
新北市,新北市萬里區,孝六街
新北市,新北市萬里區,孝四街
新北市,新北市萬里區,富士坪
新北市,新北市萬里區,崁脚
新北市,新北市萬里區,忠一街
新北市,新北市萬里區,忠三街
新北市,新北市萬里區,忠二街
新北市,新北市萬里區,忠五街
新北市,新北市萬里區,忠六街
新北市,新北市萬里區,忠四街
新北市,新北市萬里區,愛一街
新北市,新北市萬里區,愛三街
新北市,新北市萬里區,愛二街
新北市,新北市萬里區,挹翠路
新北市,新北市萬里區,新墾丁路
新北市,新北市萬里區,日光路
新北市,新北市萬里區,景美
新北市,新北市萬里區,海景路
新北市,新北市萬里區,港東
新北市,新北市萬里區,港西
新北市,新北市萬里區,漁澳
新北市,新北市萬里區,烏𡍼炭
新北市,新北市萬里區,獅頭
新北市,新北市萬里區,瑪鋉下街
新北市,新北市萬里區,瑪鋉路
新北市,新北市萬里區,瑪鋉頂街
新北市,新北市萬里區,皷亭
新北市,新北市萬里區,石角
新北市,新北市萬里區,磺溪
新北市,新北市萬里區,福德坑
新北市,新北市萬里區,美崙
新北市,新北市萬里區,翡翠路
新北市,新北市萬里區,聽濤路
新北市,新北市萬里區,萬里加投
新北市,新北市萬里區,豊𢊬
新北市,新北市萬里區,達天
新北市,新北市萬里區,頂社
新北市,新北市萬里區,香員林
新北市,新北市萬里區,麗水
新北市,新北市烏來區,信福路
新北市,新北市烏來區,啦卡路
新北市,新北市烏來區,屯鹿
新北市,新北市烏來區,新烏路
新北市,新北市烏來區,溫泉街
新北市,新北市烏來區,烏來街
新北市,新北市烏來區,環山路
新北市,新北市烏來區,西羅岸路
新北市,新北市烏來區,野要街
新北市,新北市烏來區,金堰
新北市,新北市烏來區,阿玉路 
桃園市,桃園市桃園區,三元街
桃園市,桃園市桃園區,三和街
桃園市,桃園市桃園區,三民路
桃園市,桃園市桃園區,三聖路
桃園市,桃園市桃園區,上海路
桃園市,桃園市桃園區,中原路
桃園市,桃園市桃園區,中和街
桃園市,桃園市桃園區,中埔一街
桃園市,桃園市桃園區,中埔七街
桃園市,桃園市桃園區,中埔二街
桃園市,桃園市桃園區,中埔五街
桃園市,桃園市桃園區,中埔六街
桃園市,桃園市桃園區,中央街
桃園市,桃園市桃園區,中寧街
桃園市,桃園市桃園區,中山北路
桃園市,桃園市桃園區,中山東路
桃園市,桃園市桃園區,中山路
桃園市,桃園市桃園區,中州街
桃園市,桃園市桃園區,中平路
桃園市,桃園市桃園區,中正一街
桃園市,桃園市桃園區,中正三街
桃園市,桃園市桃園區,中正二街
桃園市,桃園市桃園區,中正五街
桃園市,桃園市桃園區,中正路
桃園市,桃園市桃園區,中福街
桃園市,桃園市桃園區,中興街
桃園市,桃園市桃園區,中華路
桃園市,桃園市桃園區,中路北街
桃園市,桃園市桃園區,中路街
桃園市,桃園市桃園區,五福一街
桃園市,桃園市桃園區,五福七街
桃園市,桃園市桃園區,五福三街
桃園市,桃園市桃園區,五福九街
桃園市,桃園市桃園區,五福二街
桃園市,桃園市桃園區,五福五街
桃園市,桃園市桃園區,五福十一街
桃園市,桃園市桃園區,五福十三街
桃園市,桃園市桃園區,五福四街
桃園市,桃園市桃園區,仁一街
桃園市,桃園市桃園區,仁和街
桃園市,桃園市桃園區,仁愛路
桃園市,桃園市桃園區,介壽路
桃園市,桃園市桃園區,介新街
桃園市,桃園市桃園區,保定一街
桃園市,桃園市桃園區,保定三街
桃園市,桃園市桃園區,保定二街
桃園市,桃園市桃園區,保定五街
桃園市,桃園市桃園區,保定六街
桃園市,桃園市桃園區,保羅街
桃園市,桃園市桃園區,信一街
桃園市,桃園市桃園區,信二街
桃園市,桃園市桃園區,信光路
桃園市,桃園市桃園區,信義街
桃園市,桃園市桃園區,信陽街
桃園市,桃園市桃園區,健行路
桃園市,桃園市桃園區,光文街
桃園市,桃園市桃園區,光明街
桃園市,桃園市桃園區,光興街
桃園市,桃園市桃園區,光華街
桃園市,桃園市桃園區,公六街
桃園市,桃園市桃園區,公園路
桃園市,桃園市桃園區,力行路
桃園市,桃園市桃園區,勇一街
桃園市,桃園市桃園區,北埔路
桃園市,桃園市桃園區,北新街
桃園市,桃園市桃園區,北興街
桃園市,桃園市桃園區,北華街
桃園市,桃園市桃園區,南京街
桃園市,桃園市桃園區,南山街
桃園市,桃園市桃園區,南市
桃園市,桃園市桃園區,南平路
桃園市,桃園市桃園區,南昌東街
桃園市,桃園市桃園區,南昌街
桃園市,桃園市桃園區,南昌西街
桃園市,桃園市桃園區,南海街
桃園市,桃園市桃園區,南興街
桃園市,桃園市桃園區,南華街
桃園市,桃園市桃園區,南豐一街
桃園市,桃園市桃園區,南豐三街
桃園市,桃園市桃園區,南豐二街
桃園市,桃園市桃園區,南豐街
桃園市,桃園市桃園區,南通路
桃園市,桃園市桃園區,南門街
桃園市,桃園市桃園區,博愛西路
桃園市,桃園市桃園區,博愛路
桃園市,桃園市桃園區,厦門街
桃園市,桃園市桃園區,吉多街
桃園市,桃園市桃園區,吉安一街
桃園市,桃園市桃園區,吉安街
桃園市,桃園市桃園區,吉昌街
桃園市,桃園市桃園區,吉林路
桃園市,桃園市桃園區,同安街
桃園市,桃園市桃園區,同德一街
桃園市,桃園市桃園區,同德七街
桃園市,桃園市桃園區,同德三街
桃園市,桃園市桃園區,同德二街
桃園市,桃園市桃園區,同德五街
桃園市,桃園市桃園區,同德六街
桃園市,桃園市桃園區,同德十一街
桃園市,桃園市桃園區,同德十二街
桃園市,桃園市桃園區,同德十街
桃園市,桃園市桃園區,向善街
桃園市,桃園市桃園區,和平路
桃園市,桃園市桃園區,和愛街
桃園市,桃園市桃園區,和興街
桃園市,桃園市桃園區,四維街
桃園市,桃園市桃園區,國信街
桃園市,桃園市桃園區,國光街
桃園市,桃園市桃園區,國強一街
桃園市,桃園市桃園區,國強七街
桃園市,桃園市桃園區,國強二街
桃園市,桃園市桃園區,國強八街
桃園市,桃園市桃園區,國強六街
桃園市,桃園市桃園區,國強十一街
桃園市,桃園市桃園區,國強十三街
桃園市,桃園市桃園區,國強十二街
桃園市,桃園市桃園區,國強十街
桃園市,桃園市桃園區,國民街
桃園市,桃園市桃園區,國聖一街
桃園市,桃園市桃園區,國聖三街
桃園市,桃園市桃園區,國聖二街
桃園市,桃園市桃園區,國聖五街
桃園市,桃園市桃園區,國興街
桃園市,桃園市桃園區,國華街
桃園市,桃園市桃園區,國豐一街
桃園市,桃園市桃園區,國豐七街
桃園市,桃園市桃園區,國豐三街
桃園市,桃園市桃園區,國豐二街
桃園市,桃園市桃園區,國豐五街
桃園市,桃園市桃園區,國豐八街
桃園市,桃園市桃園區,國豐六街
桃園市,桃園市桃園區,國豐十街
桃園市,桃園市桃園區,國際一路
桃園市,桃園市桃園區,國際二路
桃園市,桃園市桃園區,國際路
桃園市,桃園市桃園區,國鼎一街
桃園市,桃園市桃園區,國鼎二街
桃園市,桃園市桃園區,園一街
桃園市,桃園市桃園區,園二街
桃園市,桃園市桃園區,坤成街
桃園市,桃園市桃園區,埔新路
桃園市,桃園市桃園區,埔江街
桃園市,桃園市桃園區,塩務路
桃園市,桃園市桃園區,塩庫街
桃園市,桃園市桃園區,塩庫西街
桃園市,桃園市桃園區,壽山路
桃園市,桃園市桃園區,壽昌街
桃園市,桃園市桃園區,壽星街
桃園市,桃園市桃園區,大仁路
桃園市,桃園市桃園區,大原路
桃園市,桃園市桃園區,大同西路
桃園市,桃園市桃園區,大同路
桃園市,桃園市桃園區,大德一街
桃園市,桃園市桃園區,大德三街
桃園市,桃園市桃園區,大德二街
桃園市,桃園市桃園區,大慶街
桃園市,桃園市桃園區,大明街
桃園市,桃園市桃園區,大智路
桃園市,桃園市桃園區,大有路
桃園市,桃園市桃園區,大林路
桃園市,桃園市桃園區,大業路
桃園市,桃園市桃園區,大興西路
桃園市,桃園市桃園區,大興路
桃園市,桃園市桃園區,大華七街
桃園市,桃園市桃園區,大華三街
桃園市,桃園市桃園區,大華九街
桃園市,桃園市桃園區,大華二街
桃園市,桃園市桃園區,大華五街
桃園市,桃園市桃園區,大華八街
桃園市,桃園市桃園區,大華六街
桃園市,桃園市桃園區,大誠路
桃園市,桃園市桃園區,大豐路
桃園市,桃園市桃園區,大連一街
桃園市,桃園市桃園區,大連三街
桃園市,桃園市桃園區,大連二街
桃園市,桃園市桃園區,大連四街
桃園市,桃園市桃園區,天台街
桃園市,桃園市桃園區,天祥一街
桃園市,桃園市桃園區,天祥七街
桃園市,桃園市桃園區,天祥三街
桃園市,桃園市桃園區,天祥二街
桃園市,桃園市桃園區,天祥五街
桃園市,桃園市桃園區,天祥六街
桃園市,桃園市桃園區,孝一街
桃園市,桃園市桃園區,孝二街
桃園市,桃園市桃園區,守法路
桃園市,桃園市桃園區,安慶街
桃園市,桃園市桃園區,安東街
桃園市,桃園市桃園區,安樂街
桃園市,桃園市桃園區,宏昌一街
桃園市,桃園市桃園區,宏昌七街
桃園市,桃園市桃園區,宏昌三街
桃園市,桃園市桃園區,宏昌九街
桃園市,桃園市桃園區,宏昌二街
桃園市,桃園市桃園區,宏昌五街
桃園市,桃園市桃園區,宏昌八街
桃園市,桃園市桃園區,宏昌六街
桃園市,桃園市桃園區,宏昌十一街
桃園市,桃園市桃園區,宏昌十三街
桃園市,桃園市桃園區,宏昌十二街
桃園市,桃園市桃園區,宏昌十街
桃園市,桃園市桃園區,富國路
桃園市,桃園市桃園區,寶山街
桃園市,桃園市桃園區,寶慶路
桃園市,桃園市桃園區,山鶯路
桃園市,桃園市桃園區,峨眉一街
桃園市,桃園市桃園區,峨眉三街
桃園市,桃園市桃園區,峨眉二街
桃園市,桃園市桃園區,峨眉四街
桃園市,桃園市桃園區,崇法街
桃園市,桃園市桃園區,幸福路
桃園市,桃園市桃園區,廣文街
桃園市,桃園市桃園區,廣豐路
桃園市,桃園市桃園區,延壽街
桃園市,桃園市桃園區,延平路
桃園市,桃園市桃園區,建國東路
桃園市,桃園市桃園區,建國路
桃園市,桃園市桃園區,建成街
桃園市,桃園市桃園區,建新街
桃園市,桃園市桃園區,建明街
桃園市,桃園市桃園區,建興街
桃園市,桃園市桃園區,建華一街
桃園市,桃園市桃園區,建華三街
桃園市,桃園市桃園區,建華二街
桃園市,桃園市桃園區,建豐街
桃園市,桃園市桃園區,復明一街
桃園市,桃園市桃園區,復明三街
桃園市,桃園市桃園區,復明二街
桃園市,桃園市桃園區,復明四街
桃園市,桃園市桃園區,復興路
桃園市,桃園市桃園區,德壽一街
桃園市,桃園市桃園區,德壽三街
桃園市,桃園市桃園區,德壽二街
桃園市,桃園市桃園區,德壽五街
桃園市,桃園市桃園區,德壽六街
桃園市,桃園市桃園區,德壽四街
桃園市,桃園市桃園區,德壽街
桃園市,桃園市桃園區,德華街
桃園市,桃園市桃園區,德豐街
桃園市,桃園市桃園區,忠一路
桃園市,桃園市桃園區,忠三路
桃園市,桃園市桃園區,忠二路
桃園市,桃園市桃園區,忠五路
桃園市,桃園市桃園區,忠孝街
桃園市,桃園市桃園區,思源街
桃園市,桃園市桃園區,愛一街
桃園市,桃園市桃園區,愛七街
桃園市,桃園市桃園區,愛三街
桃園市,桃園市桃園區,愛九街
桃園市,桃園市桃園區,愛二街
桃園市,桃園市桃園區,愛五街
桃園市,桃園市桃園區,愛八街
桃園市,桃園市桃園區,愛六街
桃園市,桃園市桃園區,愛十街
桃園市,桃園市桃園區,愛國街
桃園市,桃園市桃園區,慈光街
桃園市,桃園市桃園區,慈德街
桃園市,桃園市桃園區,慈文路
桃園市,桃園市桃園區,慈祥街
桃園市,桃園市桃園區,慈華街
桃園市,桃園市桃園區,慈雲街
桃園市,桃園市桃園區,懷寧一街
桃園市,桃園市桃園區,懷寧二街
桃園市,桃園市桃園區,成功路
桃園市,桃園市桃園區,敬三街
桃園市,桃園市桃園區,敬二街
桃園市,桃園市桃園區,文中一路
桃園市,桃園市桃園區,文中三路
桃園市,桃園市桃園區,文中二路
桃園市,桃園市桃園區,文中東路
桃園市,桃園市桃園區,文中路
桃園市,桃園市桃園區,文化街
桃園市,桃園市桃園區,文山街
桃園市,桃園市桃園區,文康街
桃園市,桃園市桃園區,新和街
桃園市,桃園市桃園區,新埔一街
桃園市,桃園市桃園區,新埔七街
桃園市,桃園市桃園區,新埔三街
桃園市,桃園市桃園區,新埔二街
桃園市,桃園市桃園區,新埔五街
桃園市,桃園市桃園區,新埔八街
桃園市,桃園市桃園區,新埔六街
桃園市,桃園市桃園區,新埔十街
桃園市,桃園市桃園區,新民街
桃園市,桃園市桃園區,新生路
桃園市,桃園市桃園區,新興街
桃園市,桃園市桃園區,昆明路
桃園市,桃園市桃園區,明德街
桃園市,桃園市桃園區,春日路
桃園市,桃園市桃園區,會稽一街
桃園市,桃園市桃園區,有恆路
桃園市,桃園市桃園區,朝陽街
桃園市,桃園市桃園區,東勇北路
桃園市,桃園市桃園區,東國街
桃園市,桃園市桃園區,東園街
桃園市,桃園市桃園區,東興街
桃園市,桃園市桃園區,東門街
桃園市,桃園市桃園區,林森路
桃園市,桃園市桃園區,桃一街
桃園市,桃園市桃園區,桃三街
桃園市,桃園市桃園區,桃二街
桃園市,桃園市桃園區,桃德路
桃園市,桃園市桃園區,桃智路
桃園市,桃園市桃園區,桃源街
桃園市,桃園市桃園區,桃鶯路
桃園市,桃園市桃園區,榮華街
桃園市,桃園市桃園區,樹仁一街
桃園市,桃園市桃園區,樹仁三街
桃園市,桃園市桃園區,樹仁二街
桃園市,桃園市桃園區,樹林一街
桃園市,桃園市桃園區,樹林七街
桃園市,桃園市桃園區,樹林三街
桃園市,桃園市桃園區,樹林九街
桃園市,桃園市桃園區,樹林二街
桃園市,桃園市桃園區,樹林五街
桃園市,桃園市桃園區,樹林八街
桃園市,桃園市桃園區,樹林六街
桃園市,桃園市桃園區,樹林四街
桃園市,桃園市桃園區,正光一街
桃園市,桃園市桃園區,正光二街
桃園市,桃園市桃園區,正光路
桃園市,桃園市桃園區,正康一街
桃園市,桃園市桃園區,正康三街
桃園市,桃園市桃園區,正康二街
桃園市,桃園市桃園區,正康四街
桃園市,桃園市桃園區,武昌街
桃園市,桃園市桃園區,民光東路
桃園市,桃園市桃園區,民光路
桃園市,桃園市桃園區,民安路
桃園市,桃園市桃園區,民富一街
桃園市,桃園市桃園區,民富三街
桃園市,桃園市桃園區,民富九街
桃園市,桃園市桃園區,民富二街
桃園市,桃園市桃園區,民富五街
桃園市,桃園市桃園區,民富八街
桃園市,桃園市桃園區,民富十一街
桃園市,桃園市桃園區,民富十七街
桃園市,桃園市桃園區,民富十三街
桃園市,桃園市桃園區,民富十二街
桃園市,桃園市桃園區,民富十六街
桃園市,桃園市桃園區,民族路
桃園市,桃園市桃園區,民有三街
桃園市,桃園市桃園區,民有五街
桃園市,桃園市桃園區,民有八街
桃園市,桃園市桃園區,民有六街
桃園市,桃園市桃園區,民有十一街
桃園市,桃園市桃園區,民有十三街
桃園市,桃園市桃園區,民有十二街
桃園市,桃園市桃園區,民有十五街
桃園市,桃園市桃園區,民有十六街
桃園市,桃園市桃園區,民有十街
桃園市,桃園市桃園區,民有東路
桃園市,桃園市桃園區,民權路
桃園市,桃園市桃園區,民生路
桃園市,桃園市桃園區,水岸一街
桃園市,桃園市桃園區,水岸七街
桃園市,桃園市桃園區,水岸三街
桃園市,桃園市桃園區,水岸二街
桃園市,桃園市桃園區,水岸五街
桃園市,桃園市桃園區,水岸街
桃園市,桃園市桃園區,水汴一路
桃園市,桃園市桃園區,水汴二路
桃園市,桃園市桃園區,永佳街
桃園市,桃園市桃園區,永光街
桃園市,桃園市桃園區,永安北路
桃園市,桃園市桃園區,永安路
桃園市,桃園市桃園區,永定一街
桃園市,桃園市桃園區,永定二街
桃園市,桃園市桃園區,永定五街
桃園市,桃園市桃園區,永康街
桃園市,桃園市桃園區,永星街
桃園市,桃園市桃園區,永樂街
桃園市,桃園市桃園區,永福西街
桃園市,桃園市桃園區,永美街
桃園市,桃園市桃園區,永順街
桃園市,桃園市桃園區,汕頭街
桃園市,桃園市桃園區,江南一街
桃園市,桃園市桃園區,江南七街
桃園市,桃園市桃園區,江南三街
桃園市,桃園市桃園區,江南九街
桃園市,桃園市桃園區,江南二街
桃園市,桃園市桃園區,江南五街
桃園市,桃園市桃園區,江南八街
桃園市,桃園市桃園區,江南六街
桃園市,桃園市桃園區,江南十一街
桃園市,桃園市桃園區,江南十街
桃園市,桃園市桃園區,江南四街
桃園市,桃園市桃園區,法治路
桃園市,桃園市桃園區,法院後街
桃園市,桃園市桃園區,泰山街
桃園市,桃園市桃園區,泰成路
桃園市,桃園市桃園區,泰昌一街
桃園市,桃園市桃園區,泰昌七街
桃園市,桃園市桃園區,泰昌三街
桃園市,桃園市桃園區,泰昌九街
桃園市,桃園市桃園區,泰昌二街
桃園市,桃園市桃園區,泰昌五街
桃園市,桃園市桃園區,泰昌八街
桃園市,桃園市桃園區,泰昌六街
桃園市,桃園市桃園區,泰昌十一街
桃園市,桃園市桃園區,泰昌十三街
桃園市,桃園市桃園區,泰昌十二街
桃園市,桃園市桃園區,泰昌十街
桃園市,桃園市桃園區,溫州一路
桃園市,桃園市桃園區,溫州街
桃園市,桃園市桃園區,漢中路
桃園市,桃園市桃園區,潮洲街
桃園市,桃園市桃園區,玉山街
桃園市,桃園市桃園區,玉美街
桃園市,桃園市桃園區,瑞慶路
桃園市,桃園市桃園區,益壽一街
桃園市,桃園市桃園區,益壽七街
桃園市,桃園市桃園區,益壽二街
桃園市,桃園市桃園區,益壽八街
桃園市,桃園市桃園區,福信街
桃園市,桃園市桃園區,福元街
桃園市,桃園市桃園區,福吉二街
桃園市,桃園市桃園區,福壽街
桃園市,桃園市桃園區,福安街
桃園市,桃園市桃園區,福山街
桃園市,桃園市桃園區,福德街
桃園市,桃園市桃園區,福昌街
桃園市,桃園市桃園區,福林街
桃園市,桃園市桃園區,福清街
桃園市,桃園市桃園區,福祿街
桃園市,桃園市桃園區,福豐街
桃園市,桃園市桃園區,秀山路
桃園市,桃園市桃園區,紹興街
桃園市,桃園市桃園區,經國一路
桃園市,桃園市桃園區,經國二路
桃園市,桃園市桃園區,經國路
桃園市,桃園市桃園區,縣府路
桃園市,桃園市桃園區,美光街
桃園市,桃園市桃園區,義光街
桃園市,桃園市桃園區,育仁街
桃園市,桃園市桃園區,育樂街
桃園市,桃園市桃園區,育群街
桃園市,桃園市桃園區,自強路
桃園市,桃園市桃園區,至善街
桃園市,桃園市桃園區,興一街
桃園市,桃園市桃園區,興中街
桃園市,桃園市桃園區,興二街
桃園市,桃園市桃園區,興華路
桃園市,桃園市桃園區,興邦路
桃園市,桃園市桃園區,興隆路
桃園市,桃園市桃園區,莊一街
桃園市,桃園市桃園區,莊二街
桃園市,桃園市桃園區,莊敬路
桃園市,桃園市桃園區,莒光街
桃園市,桃園市桃園區,萬壽路
桃園市,桃園市桃園區,蓮埔街
桃園市,桃園市桃園區,蓮華街
桃園市,桃園市桃園區,藝文一街
桃園市,桃園市桃園區,藝文二街
桃園市,桃園市桃園區,衡陽一街
桃園市,桃園市桃園區,衡陽三街
桃園市,桃園市桃園區,衡陽二街
桃園市,桃園市桃園區,衡陽四街
桃園市,桃園市桃園區,裕和街
桃園市,桃園市桃園區,貴陽街
桃園市,桃園市桃園區,逸林街
桃園市,桃園市桃園區,重慶街
桃園市,桃園市桃園區,金山街
桃園市,桃園市桃園區,金華街
桃園市,桃園市桃園區,金門一街
桃園市,桃園市桃園區,金門三街
桃園市,桃園市桃園區,金門二街
桃園市,桃園市桃園區,金門四街
桃園市,桃園市桃園區,鎮一街
桃園市,桃園市桃園區,鎮三街
桃園市,桃園市桃園區,鎮二街
桃園市,桃園市桃園區,鎮南街
桃園市,桃園市桃園區,鎮四街
桃園市,桃園市桃園區,鎮安街
桃園市,桃園市桃園區,鎮撫街
桃園市,桃園市桃園區,鎮東街
桃園市,桃園市桃園區,鎮江街
桃園市,桃園市桃園區,長壽街
桃園市,桃園市桃園區,長安街
桃園市,桃園市桃園區,長春路
桃園市,桃園市桃園區,長沙街
桃園市,桃園市桃園區,陽明一街
桃園市,桃園市桃園區,陽明七街
桃園市,桃園市桃園區,陽明三街
桃園市,桃園市桃園區,陽明九街
桃園市,桃園市桃園區,陽明二街
桃園市,桃園市桃園區,陽明五街
桃園市,桃園市桃園區,陽明八街
桃園市,桃園市桃園區,陽明六街
桃園市,桃園市桃園區,陽明十一街
桃園市,桃園市桃園區,陽明十二街
桃園市,桃園市桃園區,陽明十街
桃園市,桃園市桃園區,雙峯路
桃園市,桃園市桃園區,雙龍街
桃園市,桃園市桃園區,青溪一路
桃園市,桃園市桃園區,青溪二路
桃園市,桃園市桃園區,青田街
桃園市,桃園市桃園區,館後一街
桃園市,桃園市桃園區,館後二街
桃園市,桃園市桃園區,鴻撫街
桃園市,桃園市桃園區,龍城一街
桃園市,桃園市桃園區,龍城三街
桃園市,桃園市桃園區,龍城二街
桃園市,桃園市桃園區,龍城五街
桃園市,桃園市桃園區,龍城六街
桃園市,桃園市桃園區,龍壽街
桃園市,桃園市桃園區,龍安街
桃園市,桃園市桃園區,龍山街
桃園市,桃園市桃園區,龍泉一街
桃園市,桃園市桃園區,龍泉三街
桃園市,桃園市桃園區,龍泉二街
桃園市,桃園市桃園區,龍泉五街
桃園市,桃園市桃園區,龍泉六街
桃園市,桃園市桃園區,龍祥街
桃園市,桃園市桃園區,龍華二街
桃園市,桃園市桃園區,龍華街
桃園市,桃園市桃園區,龍門街
桃園市,桃園市桃園區,龍鳳一街
桃園市,桃園市桃園區,龍鳳三街
桃園市,桃園市桃園區,龍鳳二街
桃園市,桃園市中壢區,七和一街
桃園市,桃園市中壢區,七和路
桃園市,桃園市中壢區,三光路
桃園市,桃園市中壢區,三和一街
桃園市,桃園市中壢區,三和三街
桃園市,桃園市中壢區,三和二街
桃園市,桃園市中壢區,三樂一街
桃園市,桃園市中壢區,三樂三街
桃園市,桃園市中壢區,三樂二街
桃園市,桃園市中壢區,三民一路
桃園市,桃園市中壢區,三民路
桃園市,桃園市中壢區,三芝路
桃園市,桃園市中壢區,中光路
桃園市,桃園市中壢區,中北路
桃園市,桃園市中壢區,中原路
桃園市,桃園市中壢區,中台路
桃園市,桃園市中壢區,中和路
桃園市,桃園市中壢區,中園路
桃園市,桃園市中壢區,中大一路
桃園市,桃園市中壢區,中大路
桃園市,桃園市中壢區,中央東路
桃園市,桃園市中壢區,中央西路
桃園市,桃園市中壢區,中央路
桃園市,桃園市中壢區,中寮街
桃園市,桃園市中壢區,中山東路
桃園市,桃園市中壢區,中山路
桃園市,桃園市中壢區,中平路
桃園市,桃園市中壢區,中新東路
桃園市,桃園市中壢區,中新路
桃園市,桃園市中壢區,中明東路
桃園市,桃園市中壢區,中明路
桃園市,桃園市中壢區,中榮路
桃園市,桃園市中壢區,中正五路
桃園市,桃園市中壢區,中正路
桃園市,桃園市中壢區,中福路
桃園市,桃園市中壢區,中美路
桃園市,桃園市中壢區,中興路
桃園市,桃園市中壢區,中華路
桃園市,桃園市中壢區,中觀路
桃園市,桃園市中壢區,中豐北路
桃園市,桃園市中壢區,中豐路
桃園市,桃園市中壢區,中龍街
桃園市,桃園市中壢區,九和一街
桃園市,桃園市中壢區,九和三街
桃園市,桃園市中壢區,九和二街
桃園市,桃園市中壢區,九和五街
桃園市,桃園市中壢區,九和六街
桃園市,桃園市中壢區,五光一街
桃園市,桃園市中壢區,五光三街
桃園市,桃園市中壢區,五光二街
桃園市,桃園市中壢區,五常街
桃園市,桃園市中壢區,五族三街
桃園市,桃園市中壢區,五族二街
桃園市,桃園市中壢區,五族街
桃園市,桃園市中壢區,五福街
桃園市,桃園市中壢區,五穀街
桃園市,桃園市中壢區,五聖路
桃園市,桃園市中壢區,五興路
桃園市,桃園市中壢區,五華街
桃園市,桃園市中壢區,仁和街
桃園市,桃園市中壢區,仁德一街
桃園市,桃園市中壢區,仁德七街
桃園市,桃園市中壢區,仁德三街
桃園市,桃園市中壢區,仁德二街
桃園市,桃園市中壢區,仁德五街
桃園市,桃園市中壢區,仁德八街
桃園市,桃園市中壢區,仁德四街
桃園市,桃園市中壢區,仁德街
桃園市,桃園市中壢區,仁愛路
桃園市,桃園市中壢區,仁慈路
桃園市,桃園市中壢區,仁福一街
桃園市,桃園市中壢區,仁福三街
桃園市,桃園市中壢區,仁福二街
桃園市,桃園市中壢區,仁福五街
桃園市,桃園市中壢區,仁福四街
桃園市,桃園市中壢區,仁美二街
桃園市,桃園市中壢區,仁美四街
桃園市,桃園市中壢區,信義路
桃園市,桃園市中壢區,信陽街
桃園市,桃園市中壢區,健行路
桃園市,桃園市中壢區,元化路
桃園市,桃園市中壢區,元生一街
桃園市,桃園市中壢區,元生三街
桃園市,桃園市中壢區,元生二街
桃園市,桃園市中壢區,光復街
桃園市,桃園市中壢區,光明路
桃園市,桃園市中壢區,光華三街
桃園市,桃園市中壢區,光華二街
桃園市,桃園市中壢區,光華街
桃園市,桃園市中壢區,光輝三街
桃園市,桃園市中壢區,光輝二街
桃園市,桃園市中壢區,光輝五街
桃園市,桃園市中壢區,光輝街
桃園市,桃園市中壢區,內厝三路
桃園市,桃園市中壢區,內厝二路
桃園市,桃園市中壢區,內厝五路
桃園市,桃園市中壢區,內厝八路
桃園市,桃園市中壢區,內厝六路
桃園市,桃園市中壢區,內厝十一路
桃園市,桃園市中壢區,內厝路
桃園市,桃園市中壢區,內定一街
桃園市,桃園市中壢區,內定七街
桃園市,桃園市中壢區,內定三街
桃園市,桃園市中壢區,內定九街
桃園市,桃園市中壢區,內定二十二街
桃園市,桃園市中壢區,內定二十街
桃園市,桃園市中壢區,內定二街
桃園市,桃園市中壢區,內定五街
桃園市,桃園市中壢區,內定八街
桃園市,桃園市中壢區,內定六街
桃園市,桃園市中壢區,內定十一街
桃園市,桃園市中壢區,內定十二街
桃園市,桃園市中壢區,內定十八街
桃園市,桃園市中壢區,內定十六街
桃園市,桃園市中壢區,內定十街
桃園市,桃園市中壢區,內江街
桃園市,桃園市中壢區,八德路
桃園市,桃園市中壢區,公園路
桃園市,桃園市中壢區,六和路
桃園市,桃園市中壢區,利民路
桃園市,桃園市中壢區,前龍街
桃園市,桃園市中壢區,力行北街
桃園市,桃園市中壢區,力行街
桃園市,桃園市中壢區,功學社新村
桃園市,桃園市中壢區,功學路
桃園市,桃園市中壢區,勵志一街
桃園市,桃園市中壢區,勵志三街
桃園市,桃園市中壢區,勵志二街
桃園市,桃園市中壢區,北園二路
桃園市,桃園市中壢區,北園路
桃園市,桃園市中壢區,協同二街
桃園市,桃園市中壢區,協同街
桃園市,桃園市中壢區,南園二路
桃園市,桃園市中壢區,南園路
桃園市,桃園市中壢區,南昌街
桃園市,桃園市中壢區,南雄街
桃園市,桃園市中壢區,博愛一路
桃園市,桃園市中壢區,博愛三路
桃園市,桃園市中壢區,博愛二路
桃園市,桃園市中壢區,博愛路
桃園市,桃園市中壢區,台貿一街
桃園市,桃園市中壢區,台貿三街
桃園市,桃園市中壢區,台貿二街
桃園市,桃園市中壢區,合圳北路
桃園市,桃園市中壢區,合圳南路
桃園市,桃園市中壢區,合定路
桃園市,桃園市中壢區,合江二路
桃園市,桃園市中壢區,合江路
桃園市,桃園市中壢區,合浦街
桃園市,桃園市中壢區,吉利一街
桃園市,桃園市中壢區,吉利七街
桃園市,桃園市中壢區,吉利三街
桃園市,桃園市中壢區,吉利九街
桃園市,桃園市中壢區,吉利二街
桃園市,桃園市中壢區,吉利二路
桃園市,桃園市中壢區,吉利五街
桃園市,桃園市中壢區,吉利六街
桃園市,桃園市中壢區,吉利十一街
桃園市,桃園市中壢區,吉利十二街
桃園市,桃園市中壢區,吉利十街
桃園市,桃園市中壢區,吉利四街
桃園市,桃園市中壢區,吉安街
桃園市,桃園市中壢區,吉林三路
桃園市,桃園市中壢區,吉林二路
桃園市,桃園市中壢區,吉林北路
桃園市,桃園市中壢區,吉林路
桃園市,桃園市中壢區,吉長二街
桃園市,桃園市中壢區,吉長街
桃園市,桃園市中壢區,同慶路
桃園市,桃園市中壢區,吳鳳一街
桃園市,桃園市中壢區,吳鳳三街
桃園市,桃園市中壢區,吳鳳二街
桃園市,桃園市中壢區,和平街
桃園市,桃園市中壢區,和祥街
桃園市,桃園市中壢區,啟文路
桃園市,桃園市中壢區,嘉善街
桃園市,桃園市中壢區,嘉興二街
桃園市,桃園市中壢區,嘉興街
桃園市,桃園市中壢區,四維路
桃園市,桃園市中壢區,國泰街
桃園市,桃園市中壢區,圓光一路
桃園市,桃園市中壢區,圓光路
桃園市,桃園市中壢區,執信一街
桃園市,桃園市中壢區,執信二街
桃園市,桃園市中壢區,培育路
桃園市,桃園市中壢區,培英路
桃園市,桃園市中壢區,大享街
桃園市,桃園市中壢區,大仁一街
桃園市,桃園市中壢區,大仁三街
桃園市,桃園市中壢區,大仁二街
桃園市,桃園市中壢區,大仁五街
桃園市,桃園市中壢區,大仁四街
桃園市,桃園市中壢區,大仁街
桃園市,桃園市中壢區,大仁路
桃園市,桃園市中壢區,大勇一街
桃園市,桃園市中壢區,大勇三街
桃園市,桃園市中壢區,大勇二街
桃園市,桃園市中壢區,大勇四街
桃園市,桃園市中壢區,大同路
桃園市,桃園市中壢區,大圳路
桃園市,桃園市中壢區,大安街
桃園市,桃園市中壢區,大德街
桃園市,桃園市中壢區,大成路
桃園市,桃園市中壢區,大智街
桃園市,桃園市中壢區,大莊路
桃園市,桃園市中壢區,大華二街
桃園市,桃園市中壢區,大華路
桃園市,桃園市中壢區,大農路
桃園市,桃園市中壢區,天祥一街
桃園市,桃園市中壢區,天祥三街
桃園市,桃園市中壢區,天祥二街
桃園市,桃園市中壢區,安大路
桃園市,桃園市中壢區,安東街
桃園市,桃園市中壢區,安東路
桃園市,桃園市中壢區,定安路
桃園市,桃園市中壢區,定寧路
桃園市,桃園市中壢區,定康路
桃園市,桃園市中壢區,富國街
桃園市,桃園市中壢區,富強街
桃園市,桃園市中壢區,富強西街
桃園市,桃園市中壢區,富村街
桃園市,桃園市中壢區,富裕街
桃園市,桃園市中壢區,實踐路
桃園市,桃園市中壢區,寧夏一街
桃園市,桃園市中壢區,寧夏二街
桃園市,桃園市中壢區,寶慶街
桃園市,桃園市中壢區,少康一街
桃園市,桃園市中壢區,少康二街
桃園市,桃園市中壢區,山佳一路
桃園市,桃園市中壢區,山佳二路
桃園市,桃園市中壢區,山坡路
桃園市,桃園市中壢區,山坪路
桃園市,桃園市中壢區,山大一路
桃園市,桃園市中壢區,山大二路
桃園市,桃園市中壢區,山大路
桃園市,桃園市中壢區,山安路
桃園市,桃園市中壢區,山德路
桃園市,桃園市中壢區,山東一路
桃園市,桃園市中壢區,山東路
桃園市,桃園市中壢區,山錦路
桃園市,桃園市中壢區,崁頂路
桃園市,桃園市中壢區,崇德一路
桃園市,桃園市中壢區,崇德三路
桃園市,桃園市中壢區,崇德二路
桃園市,桃園市中壢區,崇德路
桃園市,桃園市中壢區,幸福街
桃園市,桃園市中壢區,康樂路
桃園市,桃園市中壢區,廈門街
桃園市,桃園市中壢區,廣安街
桃園市,桃園市中壢區,廣州路
桃園市,桃園市中壢區,廣明路
桃園市,桃園市中壢區,延平路
桃園市,桃園市中壢區,延平路廟前
桃園市,桃園市中壢區,建國北路
桃園市,桃園市中壢區,建國路
桃園市,桃園市中壢區,弘揚路
桃園市,桃園市中壢區,強國路
桃園市,桃園市中壢區,後寮一路
桃園市,桃園市中壢區,後寮二路
桃園市,桃園市中壢區,後興路
桃園市,桃園市中壢區,後龍街
桃園市,桃園市中壢區,徐州街
桃園市,桃園市中壢區,復興路
桃園市,桃園市中壢區,復華一街
桃園市,桃園市中壢區,復華七街
桃園市,桃園市中壢區,復華三街
桃園市,桃園市中壢區,復華九街
桃園市,桃園市中壢區,復華二街
桃園市,桃園市中壢區,復華五街
桃園市,桃園市中壢區,復華八街
桃園市,桃園市中壢區,復華六街
桃園市,桃園市中壢區,復華十一街
桃園市,桃園市中壢區,復華街
桃園市,桃園市中壢區,德泉街
桃園市,桃園市中壢區,德育路
桃園市,桃園市中壢區,志廣路
桃園市,桃園市中壢區,志成路
桃園市,桃園市中壢區,志明路
桃園市,桃園市中壢區,志欣路
桃園市,桃園市中壢區,志航街
桃園市,桃園市中壢區,志賢路
桃園市,桃園市中壢區,忠信路
桃園市,桃園市中壢區,忠勤街
桃園市,桃園市中壢區,忠孝路
桃園市,桃園市中壢區,忠義路
桃園市,桃園市中壢區,恩德街
桃園市,桃園市中壢區,惠州街
桃園市,桃園市中壢區,愛國路
桃園市,桃園市中壢區,慈惠一街
桃園市,桃園市中壢區,慈惠三街
桃園市,桃園市中壢區,慈惠二街
桃園市,桃園市中壢區,成功路
桃園市,桃園市中壢區,成章一街
桃園市,桃園市中壢區,成章三街
桃園市,桃園市中壢區,成章二街
桃園市,桃園市中壢區,成章四街
桃園市,桃園市中壢區,成都路
桃園市,桃園市中壢區,振興街
桃園市,桃園市中壢區,文中路
桃園市,桃園市中壢區,文化二路
桃園市,桃園市中壢區,文化路
桃園市,桃園市中壢區,文安街
桃園市,桃園市中壢區,文平路
桃園市,桃園市中壢區,文康二路
桃園市,桃園市中壢區,文德路
桃園市,桃園市中壢區,文成北街
桃園市,桃園市中壢區,文成南街
桃園市,桃園市中壢區,文昌路
桃園市,桃園市中壢區,文明街
桃園市,桃園市中壢區,文智路
桃園市,桃園市中壢區,文林街
桃園市,桃園市中壢區,文發路
桃園市,桃園市中壢區,文興路
桃園市,桃園市中壢區,新中一街
桃園市,桃園市中壢區,新中二街
桃園市,桃園市中壢區,新中北路
桃園市,桃園市中壢區,新北園路
桃園市,桃園市中壢區,新明路
桃園市,桃園市中壢區,新榮街
桃園市,桃園市中壢區,新生路
桃園市,桃園市中壢區,新興北街
桃園市,桃園市中壢區,新興路
桃園市,桃園市中壢區,新華街
桃園市,桃園市中壢區,日新路
桃園市,桃園市中壢區,昆明街
桃園市,桃園市中壢區,明德南路
桃園市,桃園市中壢區,明德路
桃園市,桃園市中壢區,星文一街
桃園市,桃園市中壢區,星文三街
桃園市,桃園市中壢區,星文二街
桃園市,桃園市中壢區,春德路
桃園市,桃園市中壢區,晉元路
桃園市,桃園市中壢區,普光三街
桃園市,桃園市中壢區,普光二街
桃園市,桃園市中壢區,普光街
桃園市,桃園市中壢區,普忠路
桃園市,桃園市中壢區,普慶路
桃園市,桃園市中壢區,普義路
桃園市,桃園市中壢區,普騰街
桃園市,桃園市中壢區,月山路
桃園市,桃園市中壢區,月德路
桃園市,桃園市中壢區,月桃路
桃園市,桃園市中壢區,月眉一路
桃園市,桃園市中壢區,月眉三路
桃園市,桃園市中壢區,月眉二路
桃園市,桃園市中壢區,月眉五路
桃園市,桃園市中壢區,月眉路
桃園市,桃園市中壢區,月福路
桃園市,桃園市中壢區,杭州路
桃園市,桃園市中壢區,東園二路
桃園市,桃園市中壢區,東園路
桃園市,桃園市中壢區,東坡街
桃園市,桃園市中壢區,東昇街
桃園市,桃園市中壢區,東明街
桃園市,桃園市中壢區,東林二街
桃園市,桃園市中壢區,東林街
桃園市,桃園市中壢區,東興街
桃園市,桃園市中壢區,東芝路
桃園市,桃園市中壢區,松仁路
桃園市,桃園市中壢區,松信一街
桃園市,桃園市中壢區,松信二街
桃園市,桃園市中壢區,松信路
桃園市,桃園市中壢區,松勇一街
桃園市,桃園市中壢區,松勇三街
桃園市,桃園市中壢區,松勇二街
桃園市,桃園市中壢區,松勇路
桃園市,桃園市中壢區,松勤路
桃園市,桃園市中壢區,松平一街
桃園市,桃園市中壢區,松平三街
桃園市,桃園市中壢區,松平二街
桃園市,桃園市中壢區,松平路
桃園市,桃園市中壢區,松德一街
桃園市,桃園市中壢區,松德路
桃園市,桃園市中壢區,松智一街
桃園市,桃園市中壢區,松智三街
桃園市,桃園市中壢區,松智二街
桃園市,桃園市中壢區,松智路
桃園市,桃園市中壢區,松柏路
桃園市,桃園市中壢區,松江北路
桃園市,桃園市中壢區,松江南路
桃園市,桃園市中壢區,松義一街
桃園市,桃園市中壢區,松義三街
桃園市,桃園市中壢區,松義二街
桃園市,桃園市中壢區,松義路
桃園市,桃園市中壢區,林森路
桃園市,桃園市中壢區,桂林街
桃園市,桃園市中壢區,榮光街
桃園市,桃園市中壢區,榮和五街
桃園市,桃園市中壢區,榮和六街
桃園市,桃園市中壢區,榮安一街
桃園市,桃園市中壢區,榮安七街
桃園市,桃園市中壢區,榮安三街
桃園市,桃園市中壢區,榮安九街
桃園市,桃園市中壢區,榮安二街
桃園市,桃園市中壢區,榮安五街
桃園市,桃園市中壢區,榮安八街
桃園市,桃園市中壢區,榮安十一街
桃園市,桃園市中壢區,榮安十三街
桃園市,桃園市中壢區,榮安十二街
桃園市,桃園市中壢區,榮安十五街
桃園市,桃園市中壢區,榮安十四街
桃園市,桃園市中壢區,榮安十街
桃園市,桃園市中壢區,榮安四街
桃園市,桃園市中壢區,榮民南路
桃園市,桃園市中壢區,榮民路
桃園市,桃園市中壢區,樹籽路
桃園市,桃園市中壢區,正光一街
桃園市,桃園市中壢區,正光三街
桃園市,桃園市中壢區,正光二街
桃園市,桃園市中壢區,正光街
桃園市,桃園市中壢區,正大街
桃園市,桃園市中壢區,正安街
桃園市,桃園市中壢區,正平街
桃園市,桃園市中壢區,正明街
桃園市,桃園市中壢區,正泰街
桃園市,桃園市中壢區,正神路
桃園市,桃園市中壢區,正福街
桃園市,桃園市中壢區,正義路
桃園市,桃園市中壢區,民享二街
桃園市,桃園市中壢區,民享街
桃園市,桃園市中壢區,民族路
桃園市,桃園市中壢區,民有街
桃園市,桃園市中壢區,民權路
桃園市,桃園市中壢區,民治二街
桃園市,桃園市中壢區,民治街
桃園市,桃園市中壢區,民溪一路
桃園市,桃園市中壢區,民溪七路
桃園市,桃園市中壢區,民溪三路
桃園市,桃園市中壢區,民溪二路
桃園市,桃園市中壢區,民溪五路
桃園市,桃園市中壢區,民溪六路
桃園市,桃園市中壢區,民生路
桃園市,桃園市中壢區,水青路
桃園市,桃園市中壢區,永信路
桃園市,桃園市中壢區,永嘉街
桃園市,桃園市中壢區,永園路
桃園市,桃園市中壢區,永安街
桃園市,桃園市中壢區,永平街
桃園市,桃園市中壢區,永康三街
桃園市,桃園市中壢區,永康二街
桃園市,桃園市中壢區,永康街
桃園市,桃園市中壢區,永強街
桃園市,桃園市中壢區,永昌路
桃園市,桃園市中壢區,永明街
桃園市,桃園市中壢區,永春路
桃園市,桃園市中壢區,永樂路
桃園市,桃園市中壢區,永泰街
桃園市,桃園市中壢區,永泰路
桃園市,桃園市中壢區,永清街
桃園市,桃園市中壢區,永發路
桃園市,桃園市中壢區,永福路
桃園市,桃園市中壢區,永能路
桃園市,桃園市中壢區,永興街
桃園市,桃園市中壢區,永華街
桃園市,桃園市中壢區,永裕路
桃園市,桃園市中壢區,永豐街
桃園市,桃園市中壢區,永順一街
桃園市,桃園市中壢區,永順三街
桃園市,桃園市中壢區,永順街
桃園市,桃園市中壢區,河南一路
桃園市,桃園市中壢區,河南路
桃園市,桃園市中壢區,治平街
桃園市,桃園市中壢區,洽溪路
桃園市,桃園市中壢區,清泉街
桃園市,桃園市中壢區,游泳路
桃園市,桃園市中壢區,溪洲三街
桃園市,桃園市中壢區,溪洲二街
桃園市,桃園市中壢區,溪洲街
桃園市,桃園市中壢區,漢口街
桃園市,桃園市中壢區,潮州街
桃園市,桃園市中壢區,王子二街
桃園市,桃園市中壢區,王子五街
桃園市,桃園市中壢區,王子街
桃園市,桃園市中壢區,珠江街
桃園市,桃園市中壢區,環中東路
桃園市,桃園市中壢區,環保路
桃園市,桃園市中壢區,環北路
桃園市,桃園市中壢區,環溪三街
桃園市,桃園市中壢區,環溪四街
桃園市,桃園市中壢區,環西路
桃園市,桃園市中壢區,甘肅一街
桃園市,桃園市中壢區,甘肅三街
桃園市,桃園市中壢區,甘肅二街
桃園市,桃園市中壢區,生明街
桃園市,桃園市中壢區,百韜一街
桃園市,桃園市中壢區,百韜二街
桃園市,桃園市中壢區,皓東街
桃園市,桃園市中壢區,福全路
桃園市,桃園市中壢區,福壽一街
桃園市,桃園市中壢區,福壽七街
桃園市,桃園市中壢區,福壽九街
桃園市,桃園市中壢區,福壽二街
桃園市,桃園市中壢區,福壽五街
桃園市,桃園市中壢區,福壽八街
桃園市,桃園市中壢區,福壽六街
桃園市,桃園市中壢區,福壽十一街
桃園市,桃園市中壢區,福壽十街
桃園市,桃園市中壢區,福安一街
桃園市,桃園市中壢區,福安三街
桃園市,桃園市中壢區,福安二街
桃園市,桃園市中壢區,福山路
桃園市,桃園市中壢區,福嶺路
桃園市,桃園市中壢區,福州一街
桃園市,桃園市中壢區,福州二街
桃園市,桃園市中壢區,福州路
桃園市,桃園市中壢區,福德路
桃園市,桃園市中壢區,福恩路
桃園市,桃園市中壢區,福星一街
桃園市,桃園市中壢區,福星七街
桃園市,桃園市中壢區,福星三街
桃園市,桃園市中壢區,福星二街
桃園市,桃園市中壢區,福星五街
桃園市,桃園市中壢區,福星六街
桃園市,桃園市中壢區,福田路
桃園市,桃園市中壢區,福祥路
桃園市,桃園市中壢區,福華街
桃園市,桃園市中壢區,福達路
桃園市,桃園市中壢區,福龍街
桃園市,桃園市中壢區,立和路
桃園市,桃園市中壢區,立德街
桃園市,桃園市中壢區,立德西街
桃園市,桃園市中壢區,精忠一街
桃園市,桃園市中壢區,精忠三街
桃園市,桃園市中壢區,精忠二街
桃園市,桃園市中壢區,精忠街
桃園市,桃園市中壢區,維德街
桃園市,桃園市中壢區,美樂路
桃園市,桃園市中壢區,美豐街
桃園市,桃園市中壢區,義民路
桃園市,桃園市中壢區,聖德路
桃園市,桃園市中壢區,聖溪一路
桃園市,桃園市中壢區,聖溪三路
桃園市,桃園市中壢區,聖溪二路
桃園市,桃園市中壢區,育樂路
桃園市,桃園市中壢區,育英路
桃園市,桃園市中壢區,自強一路
桃園市,桃園市中壢區,自強七路
桃園市,桃園市中壢區,自強三路
桃園市,桃園市中壢區,自強二路
桃園市,桃園市中壢區,自強五路
桃園市,桃園市中壢區,自強六路
桃園市,桃園市中壢區,自強四路
桃園市,桃園市中壢區,自忠三街
桃園市,桃園市中壢區,自忠二街
桃園市,桃園市中壢區,自忠街
桃園市,桃園市中壢區,自由路
桃園市,桃園市中壢區,自立三街
桃園市,桃園市中壢區,自立二街
桃園市,桃園市中壢區,自立五街
桃園市,桃園市中壢區,致祥一街
桃園市,桃園市中壢區,致遠一路
桃園市,桃園市中壢區,致遠二路
桃園市,桃園市中壢區,興仁路
桃園市,桃園市中壢區,興元路
桃園市,桃園市中壢區,興光路
桃園市,桃園市中壢區,興勇街
桃園市,桃園市中壢區,興南路
桃園市,桃園市中壢區,興和路
桃園市,桃園市中壢區,興國路
桃園市,桃園市中壢區,興安一街
桃園市,桃園市中壢區,興安二街
桃園市,桃園市中壢區,興安街
桃園市,桃園市中壢區,興寧街
桃園市,桃園市中壢區,興平路
桃園市,桃園市中壢區,興建街
桃園市,桃園市中壢區,興忠街
桃園市,桃園市中壢區,興東路
桃園市,桃園市中壢區,興福街
桃園市,桃園市中壢區,興農路
桃園市,桃園市中壢區,興隆三街
桃園市,桃園市中壢區,興隆五街
桃園市,桃園市中壢區,興隆六街
桃園市,桃園市中壢區,興隆街
桃園市,桃園市中壢區,興隆路
桃園市,桃園市中壢區,苑平街
桃園市,桃園市中壢區,英士一街
桃園市,桃園市中壢區,英士三街
桃園市,桃園市中壢區,英士二街
桃園市,桃園市中壢區,莊敬路
桃園市,桃園市中壢區,莒光路
桃園市,桃園市中壢區,華仁一街
桃園市,桃園市中壢區,華仁街
桃園市,桃園市中壢區,華勛街
桃園市,桃園市中壢區,華夏路
桃園市,桃園市中壢區,華安三路
桃園市,桃園市中壢區,華安二路
桃園市,桃園市中壢區,華安路
桃園市,桃園市中壢區,華岡街
桃園市,桃園市中壢區,華愛一街
桃園市,桃園市中壢區,華愛街
桃園市,桃園市中壢區,華榮街
桃園市,桃園市中壢區,華祥一街
桃園市,桃園市中壢區,華祥三街
桃園市,桃園市中壢區,華祥二街
桃園市,桃園市中壢區,華美一路
桃園市,桃園市中壢區,華美三路
桃園市,桃園市中壢區,萬大路
桃園市,桃園市中壢區,萬能路
桃園市,桃園市中壢區,蘇州一街
桃園市,桃園市中壢區,蘇州二街
桃園市,桃園市中壢區,蘭州二街
桃園市,桃園市中壢區,蘭州街
桃園市,桃園市中壢區,衡陽街
桃園市,桃園市中壢區,裕國街
桃園市,桃園市中壢區,裕民街
桃園市,桃園市中壢區,褔德路
桃園市,桃園市中壢區,西園路
桃園市,桃園市中壢區,逢甲一街
桃園市,桃園市中壢區,逢甲二街
桃園市,桃園市中壢區,過嶺路
桃園市,桃園市中壢區,遠揚街
桃園市,桃園市中壢區,遠東路
桃園市,桃園市中壢區,鄒容一街
桃園市,桃園市中壢區,鄒容二街
桃園市,桃園市中壢區,金山一街
桃園市,桃園市中壢區,金山三街
桃園市,桃園市中壢區,金山二街
桃園市,桃園市中壢區,金山街
桃園市,桃園市中壢區,金華街
桃園市,桃園市中壢區,金鋒三街
桃園市,桃園市中壢區,金鋒二街
桃園市,桃園市中壢區,金鋒五街
桃園市,桃園市中壢區,金鋒六街
桃園市,桃園市中壢區,金鋒四街
桃園市,桃園市中壢區,金鋒街
桃園市,桃園市中壢區,金陵路
桃園市,桃園市中壢區,銘傳街
桃園市,桃園市中壢區,長安街
桃園市,桃園市中壢區,長春一路
桃園市,桃園市中壢區,長春三路
桃園市,桃園市中壢區,長春二路
桃園市,桃園市中壢區,長春五路
桃園市,桃園市中壢區,長春六路
桃園市,桃園市中壢區,長春路
桃園市,桃園市中壢區,長樂三街
桃園市,桃園市中壢區,長樂二街
桃園市,桃園市中壢區,長樂五街
桃園市,桃園市中壢區,長樂六街
桃園市,桃園市中壢區,長樂四街
桃園市,桃園市中壢區,長樂街
桃園市,桃園市中壢區,長江一街
桃園市,桃園市中壢區,長江路
桃園市,桃園市中壢區,長沙路
桃園市,桃園市中壢區,長興街
桃園市,桃園市中壢區,陸光一街
桃園市,桃園市中壢區,陸光二街
桃園市,桃園市中壢區,陸光五街
桃園市,桃園市中壢區,陸光六街
桃園市,桃園市中壢區,雙塘路
桃園市,桃園市中壢區,雙福路
桃園市,桃園市中壢區,青商路
桃園市,桃園市中壢區,青園路
桃園市,桃園市中壢區,青埔一街
桃園市,桃園市中壢區,青埔七街
桃園市,桃園市中壢區,青埔三街
桃園市,桃園市中壢區,青埔九街
桃園市,桃園市中壢區,青埔二街
桃園市,桃園市中壢區,青埔五街
桃園市,桃園市中壢區,青埔八街
桃園市,桃園市中壢區,青埔六街
桃園市,桃園市中壢區,青埔十街
桃園市,桃園市中壢區,青埔四街
桃園市,桃園市中壢區,青埔路
桃園市,桃園市中壢區,青山一路
桃園市,桃園市中壢區,青山路
桃園市,桃園市中壢區,青峰路
桃園市,桃園市中壢區,青心路
桃園市,桃園市中壢區,青昇一街
桃園市,桃園市中壢區,青昇二街
桃園市,桃園市中壢區,青昇路
桃園市,桃園市中壢區,青松街
桃園市,桃園市中壢區,青溪路
桃園市,桃園市中壢區,青雲路
桃園市,桃園市中壢區,領航北路
桃園市,桃園市中壢區,領航南路
桃園市,桃園市中壢區,高下路
桃園市,桃園市中壢區,高邊路
桃園市,桃園市中壢區,高鐵北路
桃園市,桃園市中壢區,高鐵南路
桃園市,桃園市中壢區,高鐵站前東路
桃園市,桃園市中壢區,高鐵站前西路
桃園市,桃園市中壢區,黃興街
桃園市,桃園市中壢區,龍仁路
桃園市,桃園市中壢區,龍勇路
桃園市,桃園市中壢區,龍吉二街
桃園市,桃園市中壢區,龍吉五街
桃園市,桃園市中壢區,龍和一街
桃園市,桃園市中壢區,龍和三街
桃園市,桃園市中壢區,龍和二街
桃園市,桃園市中壢區,龍安一街
桃園市,桃園市中壢區,龍安三街
桃園市,桃園市中壢區,龍安五街
桃園市,桃園市中壢區,龍安六街
桃園市,桃園市中壢區,龍安街
桃園市,桃園市中壢區,龍山街
桃園市,桃園市中壢區,龍岡路
桃園市,桃園市中壢區,龍川三街
桃園市,桃園市中壢區,龍川九街
桃園市,桃園市中壢區,龍川二街
桃園市,桃園市中壢區,龍川五街
桃園市,桃園市中壢區,龍川八街
桃園市,桃園市中壢區,龍川六街
桃園市,桃園市中壢區,龍川四街
桃園市,桃園市中壢區,龍川街
桃園市,桃園市中壢區,龍平一街
桃園市,桃園市中壢區,龍平七街
桃園市,桃園市中壢區,龍平三街
桃園市,桃園市中壢區,龍平九街
桃園市,桃園市中壢區,龍平二街
桃園市,桃園市中壢區,龍平五街
桃園市,桃園市中壢區,龍平八街
桃園市,桃園市中壢區,龍平六街
桃園市,桃園市中壢區,龍平路
桃園市,桃園市中壢區,龍德路
桃園市,桃園市中壢區,龍慈路
桃園市,桃園市中壢區,龍文一街
桃園市,桃園市中壢區,龍文三街
桃園市,桃園市中壢區,龍文二街
桃園市,桃園市中壢區,龍文街
桃園市,桃園市中壢區,龍昌路
桃園市,桃園市中壢區,龍明街
桃園市,桃園市中壢區,龍智路
桃園市,桃園市中壢區,龍東八街
桃園市,桃園市中壢區,龍東十三街
桃園市,桃園市中壢區,龍東十二街
桃園市,桃園市中壢區,龍東十五街
桃園市,桃園市中壢區,龍東十街
桃園市,桃園市中壢區,龍東路
桃園市,桃園市中壢區,龍江路
桃園市,桃園市中壢區,龍泉街
桃園市,桃園市中壢區,龍清街
桃園市,桃園市中壢區,龍生街
桃園市,桃園市中壢區,龍福一街
桃園市,桃園市中壢區,龍福路
桃園市,桃園市中壢區,龍翔街
桃園市,桃園市中壢區,龍興路
桃園市,桃園市中壢區,龍華街
桃園市,桃園市中壢區,龍門街
桃園市,桃園市中壢區,龍陵路
桃園市,桃園市大溪區,三元一街
桃園市,桃園市大溪區,三元三街
桃園市,桃園市大溪區,三元二街
桃園市,桃園市大溪區,三層老街
桃園市,桃園市大溪區,三民路
桃園市,桃園市大溪區,中央路
桃園市,桃園市大溪區,中山路
桃園市,桃園市大溪區,中庄下崁
桃園市,桃園市大溪區,中庄街
桃園市,桃園市大溪區,中正東路
桃園市,桃園市大溪區,中正路
桃園市,桃園市大溪區,中華路
桃園市,桃園市大溪區,仁一街
桃園市,桃園市大溪區,仁三街
桃園市,桃園市大溪區,仁二街
桃園市,桃園市大溪區,仁和一街
桃園市,桃園市大溪區,仁和七街
桃園市,桃園市大溪區,仁和三街
桃園市,桃園市大溪區,仁和九街
桃園市,桃園市大溪區,仁和二街
桃園市,桃園市大溪區,仁和五街
桃園市,桃園市大溪區,仁和八街
桃園市,桃園市大溪區,仁和六街
桃園市,桃園市大溪區,仁和東街
桃園市,桃園市大溪區,仁和西街
桃園市,桃園市大溪區,仁和路
桃園市,桃園市大溪區,仁善一街
桃園市,桃園市大溪區,仁善七街
桃園市,桃園市大溪區,仁善三街
桃園市,桃園市大溪區,仁善二街
桃園市,桃園市大溪區,仁善五街
桃園市,桃園市大溪區,仁善六街
桃園市,桃園市大溪區,仁善街
桃園市,桃園市大溪區,仁德一街
桃園市,桃園市大溪區,仁德七街
桃園市,桃園市大溪區,仁德三街
桃園市,桃園市大溪區,仁德九街
桃園市,桃園市大溪區,仁德二街
桃園市,桃園市大溪區,仁德五街
桃園市,桃園市大溪區,仁德八街
桃園市,桃園市大溪區,仁德六街
桃園市,桃園市大溪區,仁德北街
桃園市,桃園市大溪區,仁德十一街
桃園市,桃園市大溪區,仁德十街
桃園市,桃園市大溪區,仁德南街
桃園市,桃園市大溪區,仁德街
桃園市,桃園市大溪區,仁忠街
桃園市,桃園市大溪區,仁愛路
桃園市,桃園市大溪區,仁美一街
桃園市,桃園市大溪區,仁美街
桃園市,桃園市大溪區,介壽路
桃園市,桃園市大溪區,信義路
桃園市,桃園市大溪區,僑愛一街
桃園市,桃園市大溪區,儲蓄路
桃園市,桃園市大溪區,內柵路
桃園市,桃園市大溪區,公園一街
桃園市,桃園市大溪區,公園三街
桃園市,桃園市大溪區,公園五街
桃園市,桃園市大溪區,公園路
桃園市,桃園市大溪區,勝利街
桃園市,桃園市大溪區,南興路
桃園市,桃園市大溪區,向榮街
桃園市,桃園市大溪區,和一路
桃園市,桃園市大溪區,和二路
桃園市,桃園市大溪區,和平路
桃園市,桃園市大溪區,員東路
桃園市,桃園市大溪區,員林路
桃園市,桃園市大溪區,埔仁路
桃園市,桃園市大溪區,埔頂一街
桃園市,桃園市大溪區,埔頂七街
桃園市,桃園市大溪區,埔頂三街
桃園市,桃園市大溪區,埔頂二街
桃園市,桃園市大溪區,埔頂五街
桃園市,桃園市大溪區,埔頂八街
桃園市,桃園市大溪區,埔頂六街
桃園市,桃園市大溪區,埔頂街
桃園市,桃園市大溪區,埔頂路
桃園市,桃園市大溪區,士香街
桃園市,桃園市大溪區,大同街
桃園市,桃園市大溪區,大漢街
桃園市,桃園市大溪區,大鶯路
桃園市,桃園市大溪區,天祥街
桃園市,桃園市大溪區,安和路
桃園市,桃園市大溪區,崁津部落
桃園市,桃園市大溪區,康莊路
桃園市,桃園市大溪區,得勝路
桃園市,桃園市大溪區,復興路
桃園市,桃園市大溪區,忠孝路
桃園市,桃園市大溪區,忠泰街
桃園市,桃園市大溪區,快速路
桃園市,桃園市大溪區,悅華路
桃園市,桃園市大溪區,慈光一街
桃園市,桃園市大溪區,慈光二街
桃園市,桃園市大溪區,慈光街
桃園市,桃園市大溪區,慈康路
桃園市,桃園市大溪區,慈湖路
桃園市,桃園市大溪區,打鐵寮路
桃園市,桃園市大溪區,承恩路
桃園市,桃園市大溪區,文化路
桃園市,桃園市大溪區,新光東路
桃園市,桃園市大溪區,新光路
桃園市,桃園市大溪區,新興街
桃園市,桃園市大溪區,日新路
桃園市,桃園市大溪區,普濟路
桃園市,桃園市大溪區,月湖路
桃園市,桃園市大溪區,月眉路
桃園市,桃園市大溪區,東一路
桃園市,桃園市大溪區,東二路
桃園市,桃園市大溪區,東和路
桃園市,桃園市大溪區,東龍街
桃園市,桃園市大溪區,松樹
桃園市,桃園市大溪區,民權東路
桃園市,桃園市大溪區,民權路
桃園市,桃園市大溪區,民生路
桃園市,桃園市大溪區,永昌路
桃園市,桃園市大溪區,浮筧街
桃園市,桃園市大溪區,瑞仁路
桃園市,桃園市大溪區,瑞安路
桃園市,桃園市大溪區,瑞德街
桃園市,桃園市大溪區,瑞福路
桃園市,桃園市大溪區,環湖路
桃園市,桃園市大溪區,登龍路
桃園市,桃園市大溪區,石園路
桃園市,桃園市大溪區,福居街
桃園市,桃園市大溪區,福山一路
桃園市,桃園市大溪區,福山二路
桃園市,桃園市大溪區,美和路
桃園市,桃園市大溪區,美山路
桃園市,桃園市大溪區,自強街
桃園市,桃園市大溪區,興昌路
桃園市,桃園市大溪區,草店尾
桃園市,桃園市大溪區,華興街
桃園市,桃園市大溪區,落羽松路
桃園市,桃園市大溪區,金城路
桃園市,桃園市大溪區,金山路
桃園市,桃園市大溪區,長興東街
桃園市,桃園市大溪區,長興街
桃園市,桃園市大溪區,長興西街
桃園市,桃園市大溪區,隆德街
桃園市,桃園市大溪區,順和路
桃園市,桃園市大溪區,頭寮一路
桃園市,桃園市大溪區,頭寮路
桃園市,桃園市大溪區,齋明街
桃園市,桃園市楊梅區,三元街
桃園市,桃園市楊梅區,三民北路
桃園市,桃園市楊梅區,三民東路
桃園市,桃園市楊梅區,三民路
桃園市,桃園市楊梅區,三陽路
桃園市,桃園市楊梅區,上湖一路
桃園市,桃園市楊梅區,上湖三路
桃園市,桃園市楊梅區,上湖二路
桃園市,桃園市楊梅區,上湖五路
桃園市,桃園市楊梅區,中山北路
桃園市,桃園市楊梅區,中山南路
桃園市,桃園市楊梅區,中山路
桃園市,桃園市楊梅區,中正路
桃園市,桃園市楊梅區,中興路
桃園市,桃園市楊梅區,中華南路
桃園市,桃園市楊梅區,中華街
桃園市,桃園市楊梅區,五守街
桃園市,桃園市楊梅區,仁平路
桃園市,桃園市楊梅區,仁美路
桃園市,桃園市楊梅區,信義街
桃園市,桃園市楊梅區,元化街
桃園市,桃園市楊梅區,光前街
桃園市,桃園市楊梅區,光復北街
桃園市,桃園市楊梅區,光復街
桃園市,桃園市楊梅區,光華街
桃園市,桃園市楊梅區,光裕北街
桃園市,桃園市楊梅區,光裕南街
桃園市,桃園市楊梅區,和平路
桃園市,桃園市楊梅區,員德路
桃園市,桃園市楊梅區,員本路
桃園市,桃園市楊梅區,四維二路
桃園市,桃園市楊梅區,四維路
桃園市,桃園市楊梅區,大北坑街
桃園市,桃園市楊梅區,大平街
桃園市,桃園市楊梅區,大成路
桃園市,桃園市楊梅區,大模街
桃園市,桃園市楊梅區,大華街
桃園市,桃園市楊梅區,富元街
桃園市,桃園市楊梅區,富全街
桃園市,桃園市楊梅區,富榮路
桃園市,桃園市楊梅區,富民街
桃園市,桃園市楊梅區,富源街
桃園市,桃園市楊梅區,富祥街
桃園市,桃園市楊梅區,富聯路
桃園市,桃園市楊梅區,富裕街
桃園市,桃園市楊梅區,富豐一路
桃園市,桃園市楊梅區,富豐三路
桃園市,桃園市楊梅區,富豐二路
桃園市,桃園市楊梅區,富豐北路
桃園市,桃園市楊梅區,富豐南路
桃園市,桃園市楊梅區,市場街
桃園市,桃園市楊梅區,幼一路
桃園市,桃園市楊梅區,幼三路
桃園市,桃園市楊梅區,幼二路
桃園市,桃園市楊梅區,幼五路
桃園市,桃園市楊梅區,幼四路
桃園市,桃園市楊梅區,幼平街
桃園市,桃園市楊梅區,幼獅路
桃園市,桃園市楊梅區,復興街
桃園市,桃園市楊梅區,復華街
桃園市,桃園市楊梅區,快速路
桃園市,桃園市楊梅區,成功路
桃園市,桃園市楊梅區,成德一街
桃園市,桃園市楊梅區,成德二街
桃園市,桃園市楊梅區,文化街
桃園市,桃園市楊梅區,文德路
桃園市,桃園市楊梅區,文華街
桃園市,桃園市楊梅區,新富一街
桃園市,桃園市楊梅區,新富七街
桃園市,桃園市楊梅區,新富三街
桃園市,桃園市楊梅區,新富二街
桃園市,桃園市楊梅區,新富五街
桃園市,桃園市楊梅區,新富八街
桃園市,桃園市楊梅區,新富六街
桃園市,桃園市楊梅區,新富十一街
桃園市,桃園市楊梅區,新富十三街
桃園市,桃園市楊梅區,新富十街
桃園市,桃園市楊梅區,新成路
桃園市,桃園市楊梅區,新明街
桃園市,桃園市楊梅區,新梅一街
桃園市,桃園市楊梅區,新梅七街
桃園市,桃園市楊梅區,新梅三街
桃園市,桃園市楊梅區,新梅九街
桃園市,桃園市楊梅區,新梅二街
桃園市,桃園市楊梅區,新梅五街
桃園市,桃園市楊梅區,新梅八街
桃園市,桃園市楊梅區,新梅六街
桃園市,桃園市楊梅區,新梅十街
桃園市,桃園市楊梅區,新榮路
桃園市,桃園市楊梅區,新江路
桃園市,桃園市楊梅區,新興街
桃園市,桃園市楊梅區,新農街
桃園市,桃園市楊梅區,日新街
桃園市,桃園市楊梅區,望間路
桃園市,桃園市楊梅區,東森路
桃園市,桃園市楊梅區,東楊路
桃園市,桃園市楊梅區,校前路
桃園市,桃園市楊梅區,梅山東街
桃園市,桃園市楊梅區,梅山西街
桃園市,桃園市楊梅區,梅獅路
桃園市,桃園市楊梅區,梅高路
桃園市,桃園市楊梅區,楊新北路
桃園市,桃園市楊梅區,楊新路
桃園市,桃園市楊梅區,楊昇路
桃園市,桃園市楊梅區,楊湖路
桃園市,桃園市楊梅區,榮平路
桃園市,桃園市楊梅區,武營街
桃園市,桃園市楊梅區,民安路
桃園市,桃園市楊梅區,民富路
桃園市,桃園市楊梅區,民族街
桃園市,桃園市楊梅區,民族路
桃園市,桃園市楊梅區,民有一路
桃園市,桃園市楊梅區,民有路
桃園市,桃園市楊梅區,民權街
桃園市,桃園市楊梅區,民生街
桃園市,桃園市楊梅區,民豐路
桃園市,桃園市楊梅區,民隆路
桃園市,桃園市楊梅區,永寧路
桃園市,桃園市楊梅區,永平路
桃園市,桃園市楊梅區,永美路
桃園市,桃園市楊梅區,泰圳路
桃園市,桃園市楊梅區,湖山街
桃園市,桃園市楊梅區,漢昌街
桃園市,桃園市楊梅區,獅一路
桃園市,桃園市楊梅區,獅三路
桃園市,桃園市楊梅區,獅二路
桃園市,桃園市楊梅區,獅五路
桃園市,桃園市楊梅區,獅四路
桃園市,桃園市楊梅區,瑞坪路
桃園市,桃園市楊梅區,瑞梅街
桃園市,桃園市楊梅區,瑞溪路
桃園市,桃園市楊梅區,瑞福街
桃園市,桃園市楊梅區,環南路
桃園市,桃園市楊梅區,環東路
桃園市,桃園市楊梅區,甡甡路
桃園市,桃園市楊梅區,益新一街
桃園市,桃園市楊梅區,益新三街
桃園市,桃園市楊梅區,益新二街
桃園市,桃園市楊梅區,福人路
桃園市,桃園市楊梅區,福德街
桃園市,桃園市楊梅區,福羚路
桃園市,桃園市楊梅區,秀才路
桃園市,桃園市楊梅區,老莊路
桃園市,桃園市楊梅區,自強街
桃園市,桃園市楊梅區,自立東街
桃園市,桃園市楊梅區,自立街
桃園市,桃園市楊梅區,興南街
桃園市,桃園市楊梅區,興隆街
桃園市,桃園市楊梅區,萬大路
桃園市,桃園市楊梅區,萬福街
桃園市,桃園市楊梅區,蘋果路
桃園市,桃園市楊梅區,行善路
桃園市,桃園市楊梅區,裕成南路
桃園市,桃園市楊梅區,裕成路
桃園市,桃園市楊梅區,裕榮路
桃園市,桃園市楊梅區,褔羚路
桃園市,桃園市楊梅區,豐興街
桃園市,桃園市楊梅區,貴山街
桃園市,桃園市楊梅區,賦梅路
桃園市,桃園市楊梅區,迎旭一街
桃園市,桃園市楊梅區,迎旭三街
桃園市,桃園市楊梅區,迎旭二街
桃園市,桃園市楊梅區,金山街
桃園市,桃園市楊梅區,金德路
桃園市,桃園市楊梅區,金溪路
桃園市,桃園市楊梅區,金華街
桃園市,桃園市楊梅區,金龍三路
桃園市,桃園市楊梅區,長祥路
桃園市,桃園市楊梅區,長青一街
桃園市,桃園市楊梅區,長青三街
桃園市,桃園市楊梅區,長青二街
桃園市,桃園市楊梅區,長青五街
桃園市,桃園市楊梅區,長青東街
桃園市,桃園市楊梅區,長青西街
桃園市,桃園市楊梅區,長青路
桃園市,桃園市楊梅區,雙榮路
桃園市,桃園市楊梅區,電研路
桃園市,桃園市楊梅區,青山一街
桃園市,桃園市楊梅區,青山三街
桃園市,桃園市楊梅區,青山二街
桃園市,桃園市楊梅區,青山五街
桃園市,桃園市楊梅區,青山六街
桃園市,桃園市楊梅區,青年路
桃園市,桃園市楊梅區,青鼎一街
桃園市,桃園市楊梅區,青鼎二街
桃園市,桃園市楊梅區,高上路
桃園市,桃園市楊梅區,高平路
桃園市,桃園市楊梅區,高新街
桃園市,桃園市楊梅區,高榮路
桃園市,桃園市楊梅區,高獅路
桃園市,桃園市楊梅區,高鐵南路
桃園市,桃園市楊梅區,高青路
桃園市,桃園市楊梅區,高鵬一街
桃園市,桃園市楊梅區,高鵬三街
桃園市,桃園市楊梅區,高鵬二街
桃園市,桃園市楊梅區,高鵬路
桃園市,桃園市蘆竹區,三德街
桃園市,桃園市蘆竹區,上竹一街
桃園市,桃園市蘆竹區,上竹七街
桃園市,桃園市蘆竹區,上竹三街
桃園市,桃園市蘆竹區,上竹二街
桃園市,桃園市蘆竹區,上竹五街
桃園市,桃園市蘆竹區,上竹六街
桃園市,桃園市蘆竹區,上竹四街
桃園市,桃園市蘆竹區,上竹路
桃園市,桃園市蘆竹區,上興路
桃園市,桃園市蘆竹區,中圳街
桃園市,桃園市蘆竹區,中山北街
桃園市,桃園市蘆竹區,中山路
桃園市,桃園市蘆竹區,中正北路
桃園市,桃園市蘆竹區,中正路
桃園市,桃園市蘆竹區,中油街
桃園市,桃園市蘆竹區,中興一街
桃園市,桃園市蘆竹區,中興七街
桃園市,桃園市蘆竹區,中興二街
桃園市,桃園市蘆竹區,中興五街
桃園市,桃園市蘆竹區,中興六街
桃園市,桃園市蘆竹區,中興四街
桃園市,桃園市蘆竹區,中興路
桃園市,桃園市蘆竹區,中華街
桃園市,桃園市蘆竹區,五福一路
桃園市,桃園市蘆竹區,五福六路
桃園市,桃園市蘆竹區,五福路
桃園市,桃園市蘆竹區,五青路
桃園市,桃園市蘆竹區,仁和街
桃園市,桃園市蘆竹區,仁愛街
桃園市,桃園市蘆竹區,仁愛路
桃園市,桃園市蘆竹區,光復路
桃園市,桃園市蘆竹區,光明路
桃園市,桃園市蘆竹區,光華街
桃園市,桃園市蘆竹區,內厝街
桃園市,桃園市蘆竹區,內定二街
桃園市,桃園市蘆竹區,內新路
桃園市,桃園市蘆竹區,內溪路
桃園市,桃園市蘆竹區,八德一路
桃園市,桃園市蘆竹區,八德二路
桃園市,桃園市蘆竹區,八股路
桃園市,桃園市蘆竹區,公園街
桃園市,桃園市蘆竹區,六福一路
桃園市,桃園市蘆竹區,六福路
桃園市,桃園市蘆竹區,力行街
桃園市,桃園市蘆竹區,半山街
桃園市,桃園市蘆竹區,南上路
桃園市,桃園市蘆竹區,南勢六街
桃園市,桃園市蘆竹區,南國街
桃園市,桃園市蘆竹區,南山北路
桃園市,桃園市蘆竹區,南山路
桃園市,桃園市蘆竹區,南崁後街
桃園市,桃園市蘆竹區,南崁路
桃園市,桃園市蘆竹區,南工路
桃園市,桃園市蘆竹區,南平街
桃園市,桃園市蘆竹區,南昌路
桃園市,桃園市蘆竹區,南祥路
桃園市,桃園市蘆竹區,南福街
桃園市,桃園市蘆竹區,南竹路
桃園市,桃園市蘆竹區,南華一街
桃園市,桃園市蘆竹區,南華三街
桃園市,桃園市蘆竹區,南華二街
桃園市,桃園市蘆竹區,南農街
桃園市,桃園市蘆竹區,南青路
桃園市,桃園市蘆竹區,南順一街
桃園市,桃園市蘆竹區,南順七街
桃園市,桃園市蘆竹區,南順二街
桃園市,桃園市蘆竹區,南順五街
桃園市,桃園市蘆竹區,南順八街
桃園市,桃園市蘆竹區,南順六街
桃園市,桃園市蘆竹區,南順四街
桃園市,桃園市蘆竹區,博愛街
桃園市,桃園市蘆竹區,厚生路
桃園市,桃園市蘆竹區,合圳北路
桃園市,桃園市蘆竹區,吉林路
桃園市,桃園市蘆竹區,和平街
桃園市,桃園市蘆竹區,國豐十街
桃園市,桃園市蘆竹區,圳佳路
桃園市,桃園市蘆竹區,圳岸街
桃園市,桃園市蘆竹區,坑菓路
桃園市,桃園市蘆竹區,外社街
桃園市,桃園市蘆竹區,大中一街
桃園市,桃園市蘆竹區,大古路
桃園市,桃園市蘆竹區,大同街
桃園市,桃園市蘆竹區,大坑街
桃園市,桃園市蘆竹區,大新一街
桃園市,桃園市蘆竹區,大新三街
桃園市,桃園市蘆竹區,大新二街
桃園市,桃園市蘆竹區,大新五街
桃園市,桃園市蘆竹區,大新四街
桃園市,桃園市蘆竹區,大新路
桃園市,桃園市蘆竹區,大有街
桃園市,桃園市蘆竹區,大正街
桃園市,桃園市蘆竹區,大福路
桃園市,桃園市蘆竹區,大竹一街
桃園市,桃園市蘆竹區,大竹二街
桃園市,桃園市蘆竹區,大竹北路
桃園市,桃園市蘆竹區,大竹路
桃園市,桃園市蘆竹區,大興一街
桃園市,桃園市蘆竹區,大興七街
桃園市,桃園市蘆竹區,大興三街
桃園市,桃園市蘆竹區,大興九街
桃園市,桃園市蘆竹區,大興五街
桃園市,桃園市蘆竹區,大興八街
桃園市,桃園市蘆竹區,大興六街
桃園市,桃園市蘆竹區,大興十一街
桃園市,桃園市蘆竹區,大興十三街
桃園市,桃園市蘆竹區,大興十二街
桃園市,桃園市蘆竹區,大興十四街
桃園市,桃園市蘆竹區,大興十街
桃園市,桃園市蘆竹區,大興四街
桃園市,桃園市蘆竹區,大興路
桃園市,桃園市蘆竹區,大華北街
桃園市,桃園市蘆竹區,大華街
桃園市,桃園市蘆竹區,大豐街
桃園市,桃園市蘆竹區,奉化路
桃園市,桃園市蘆竹區,孔明路
桃園市,桃園市蘆竹區,安中街
桃園市,桃園市蘆竹區,宏昌街
桃園市,桃園市蘆竹區,宏林街
桃園市,桃園市蘆竹區,宏竹路
桃園市,桃園市蘆竹區,宏華街
桃園市,桃園市蘆竹區,富上街
桃園市,桃園市蘆竹區,富國路
桃園市,桃園市蘆竹區,富宏街
桃園市,桃園市蘆竹區,富昌街
桃園市,桃園市蘆竹區,富竹街
桃園市,桃園市蘆竹區,富華路
桃園市,桃園市蘆竹區,富貴街
桃園市,桃園市蘆竹區,寶順街
桃園市,桃園市蘆竹區,小古山路
桃園市,桃園市蘆竹區,山外路
桃園市,桃園市蘆竹區,山富街
桃園市,桃園市蘆竹區,山林路
桃園市,桃園市蘆竹區,山腳街
桃園市,桃園市蘆竹區,山菓路
桃園市,桃園市蘆竹區,山頂街
桃園市,桃園市蘆竹區,山鼻路
桃園市,桃園市蘆竹區,建國路
桃園市,桃園市蘆竹區,建新街
桃園市,桃園市蘆竹區,後面坑路
桃園市,桃園市蘆竹區,徐州街
桃園市,桃園市蘆竹區,忠孝東路
桃園市,桃園市蘆竹區,忠孝街
桃園市,桃園市蘆竹區,忠孝西路
桃園市,桃園市蘆竹區,愛國一路
桃園市,桃園市蘆竹區,愛山街
桃園市,桃園市蘆竹區,成功街
桃園市,桃園市蘆竹區,文中路
桃園市,桃園市蘆竹區,文新街
桃園市,桃園市蘆竹區,新南路
桃園市,桃園市蘆竹區,新安路
桃園市,桃園市蘆竹區,新生路
桃園市,桃園市蘆竹區,新福街
桃園市,桃園市蘆竹區,新興街
桃園市,桃園市蘆竹區,明光街
桃園市,桃園市蘆竹區,明德街
桃園市,桃園市蘆竹區,智海一街
桃園市,桃園市蘆竹區,智海二街
桃園市,桃園市蘆竹區,東溪路
桃園市,桃園市蘆竹區,桃園街
桃園市,桃園市蘆竹區,榮安路
桃園市,桃園市蘆竹區,榮興路
桃園市,桃園市蘆竹區,橋頭街
桃園市,桃園市蘆竹區,歐楓街
桃園市,桃園市蘆竹區,武聖街
桃園市,桃園市蘆竹區,民權路
桃園市,桃園市蘆竹區,油管路
桃園市,桃園市蘆竹區,泉州路
桃園市,桃園市蘆竹區,洛陽街
桃園市,桃園市蘆竹區,海山中街
桃園市,桃園市蘆竹區,海山東街
桃園市,桃園市蘆竹區,海山西路
桃園市,桃園市蘆竹區,海山路
桃園市,桃園市蘆竹區,海港路
桃園市,桃園市蘆竹區,海湖北路
桃園市,桃園市蘆竹區,海湖東路
桃園市,桃園市蘆竹區,源福一街
桃園市,桃園市蘆竹區,源福三街
桃園市,桃園市蘆竹區,源福二街
桃園市,桃園市蘆竹區,源福五街
桃園市,桃園市蘆竹區,源福街
桃園市,桃園市蘆竹區,濱海路
桃園市,桃園市蘆竹區,祥賀街
桃園市,桃園市蘆竹區,福安街
桃園市,桃園市蘆竹區,福林街
桃園市,桃園市蘆竹區,福祿一街
桃園市,桃園市蘆竹區,福祿五街
桃園市,桃園市蘆竹區,福興一街
桃園市,桃園市蘆竹區,福興三街
桃園市,桃園市蘆竹區,福興二街
桃園市,桃園市蘆竹區,福興五街
桃園市,桃園市蘆竹區,立仁街
桃園市,桃園市蘆竹區,立德街
桃園市,桃園市蘆竹區,竹中街
桃園市,桃園市蘆竹區,經國路
桃園市,桃園市蘆竹區,羊城一街
桃園市,桃園市蘆竹區,羊稠街
桃園市,桃園市蘆竹區,聯發街
桃園市,桃園市蘆竹區,聯福街
桃園市,桃園市蘆竹區,興中街
桃園市,桃園市蘆竹區,興仁路
桃園市,桃園市蘆竹區,興化路
桃園市,桃園市蘆竹區,興福街
桃園市,桃園市蘆竹區,興隆街
桃園市,桃園市蘆竹區,草仔崎路
桃園市,桃園市蘆竹區,蘆宏路
桃園市,桃園市蘆竹區,蘆竹街
桃園市,桃園市蘆竹區,蘆興南路
桃園市,桃園市蘆竹區,蘆興街
桃園市,桃園市蘆竹區,西康路
桃園市,桃園市蘆竹區,西溪路
桃園市,桃園市蘆竹區,豪登一街
桃園市,桃園市蘆竹區,赤塗一路
桃園市,桃園市蘆竹區,赤塗路
桃園市,桃園市蘆竹區,金海街
桃園市,桃園市蘆竹區,金華街
桃園市,桃園市蘆竹區,錦中街
桃園市,桃園市蘆竹區,錦明街
桃園市,桃園市蘆竹區,錦溪路
桃園市,桃園市蘆竹區,錦福路
桃園市,桃園市蘆竹區,錦秀街
桃園市,桃園市蘆竹區,錦華路
桃園市,桃園市蘆竹區,錦順街
桃園市,桃園市蘆竹區,鎮江街
桃園市,桃園市蘆竹區,長壽三街
桃園市,桃園市蘆竹區,長壽二街
桃園市,桃園市蘆竹區,長安路
桃園市,桃園市蘆竹區,長春路
桃園市,桃園市蘆竹區,長榮路
桃園市,桃園市蘆竹區,長興路
桃園市,桃園市蘆竹區,開南路
桃園市,桃園市蘆竹區,順利一街
桃園市,桃園市蘆竹區,順利二街
桃園市,桃園市蘆竹區,黃帝街
桃園市,桃園市蘆竹區,龍壽街
桃園市,桃園市蘆竹區,龍安街
桃園市,桃園市蘆竹區,龍林街
桃園市,桃園市大園區,三和路
桃園市,桃園市大園區,三塊石
桃園市,桃園市大園區,三民路
桃園市,桃園市大園區,下埔路
桃園市,桃園市大園區,中園街
桃園市,桃園市大園區,中央路
桃園市,桃園市大園區,中山北路
桃園市,桃園市大園區,中山南路
桃園市,桃園市大園區,中正一街
桃園市,桃園市大園區,中正三街
桃園市,桃園市大園區,中正二街
桃園市,桃園市大園區,中正東路
桃園市,桃園市大園區,中正西路
桃園市,桃園市大園區,中油街
桃園市,桃園市大園區,中興街
桃園市,桃園市大園區,中興路
桃園市,桃園市大園區,中華路
桃園市,桃園市大園區,五福路
桃園市,桃園市大園區,五結路
桃園市,桃園市大園區,五青路
桃園市,桃園市大園區,仁壽路
桃園市,桃園市大園區,仁德路
桃園市,桃園市大園區,仁愛一街
桃園市,桃園市大園區,仁愛二街
桃園市,桃園市大園區,信義街
桃園市,桃園市大園區,光明街
桃園市,桃園市大園區,內定八街
桃園市,桃園市大園區,內定十一街
桃園市,桃園市大園區,內定十六街
桃園市,桃園市大園區,內海路
桃園市,桃園市大園區,公園路
桃園市,桃園市大園區,功學路
桃園市,桃園市大園區,北港路
桃園市,桃園市大園區,南和路
桃園市,桃園市大園區,古亭路
桃園市,桃園市大園區,合圳北路
桃園市,桃園市大園區,吳厝路
桃園市,桃園市大園區,和平一街
桃園市,桃園市大園區,和平二街
桃園市,桃園市大園區,和平東路
桃園市,桃園市大園區,和平西路
桃園市,桃園市大園區,和廣一路
桃園市,桃園市大園區,和廣路
桃園市,桃園市大園區,和東路
桃園市,桃園市大園區,國際路
桃園市,桃園市大園區,園一街
桃園市,桃園市大園區,園七街
桃園市,桃園市大園區,園九街
桃園市,桃園市大園區,園二街
桃園市,桃園市大園區,園五街
桃園市,桃園市大園區,園八街
桃園市,桃園市大園區,園六街
桃園市,桃園市大園區,園十街
桃園市,桃園市大園區,園學路
桃園市,桃園市大園區,園科路
桃園市,桃園市大園區,園航路
桃園市,桃園市大園區,圳頭路
桃園市,桃園市大園區,坑菓路
桃園市,桃園市大園區,埔心街
桃園市,桃園市大園區,塔腳一路
桃園市,桃園市大園區,大仁路
桃園市,桃園市大園區,大勇路
桃園市,桃園市大園區,大同街
桃園市,桃園市大園區,大安街
桃園市,桃園市大園區,大工路
桃園市,桃園市大園區,大成路
桃園市,桃園市大園區,大智路
桃園市,桃園市大園區,大竹南路
桃園市,桃園市大園區,大興路
桃園市,桃園市大園區,大華一街
桃園市,桃園市大園區,大觀路
桃園市,桃園市大園區,大豐一街
桃園市,桃園市大園區,大豐三街
桃園市,桃園市大園區,大豐二街
桃園市,桃園市大園區,大豐四街
桃園市,桃園市大園區,學一街
桃園市,桃園市大園區,學三街
桃園市,桃園市大園區,學九街
桃園市,桃園市大園區,學五街
桃園市,桃園市大園區,學八街
桃園市,桃園市大園區,學六街
桃園市,桃園市大園區,學十一街
桃園市,桃園市大園區,學十街
桃園市,桃園市大園區,學府路
桃園市,桃園市大園區,山安路
桃園市,桃園市大園區,崁下
桃園市,桃園市大園區,崙后路
桃園市,桃園市大園區,工一路
桃園市,桃園市大園區,工三路
桃園市,桃園市大園區,工二路
桃園市,桃園市大園區,工五路
桃園市,桃園市大園區,工六路
桃園市,桃園市大園區,工四路
桃園市,桃園市大園區,平南一路
桃園市,桃園市大園區,平南路
桃園市,桃園市大園區,平安路
桃園市,桃園市大園區,平成路
桃園市,桃園市大園區,幸福路
桃園市,桃園市大園區,建國路
桃園市,桃園市大園區,後湖路
桃園市,桃園市大園區,後館一路
桃園市,桃園市大園區,後館三路
桃園市,桃園市大園區,後館二路
桃園市,桃園市大園區,後館路
桃園市,桃園市大園區,復興街
桃園市,桃園市大園區,忠孝一街
桃園市,桃園市大園區,忠孝三街
桃園市,桃園市大園區,忠孝二街
桃園市,桃園市大園區,成功街
桃園市,桃園市大園區,拔子林一路
桃園市,桃園市大園區,拔子林三路
桃園市,桃園市大園區,拔子林二路
桃園市,桃園市大園區,文中街
桃園市,桃園市大園區,文化街
桃園市,桃園市大園區,文城路
桃園市,桃園市大園區,文治路
桃園市,桃園市大園區,文興街
桃園市,桃園市大園區,新園街
桃園市,桃園市大園區,新生北路
桃園市,桃園市大園區,新生路
桃園市,桃園市大園區,新興路
桃園市,桃園市大園區,明德街
桃園市,桃園市大園區,春德路
桃園市,桃園市大園區,月眉路
桃園市,桃園市大園區,柴梳崙路
桃園市,桃園市大園區,橫湳一路
桃園市,桃園市大園區,橫湳路
桃園市,桃園市大園區,民安路
桃園市,桃園市大園區,民族街
桃園市,桃園市大園區,民權路
桃園市,桃園市大園區,民溪七路
桃園市,桃園市大園區,民溪六路
桃園市,桃園市大園區,民生南路
桃園市,桃園市大園區,民生路
桃園市,桃園市大園區,水源路
桃園市,桃園市大園區,永園路
桃園市,桃園市大園區,永興路
桃園市,桃園市大園區,海沙路
桃園市,桃園市大園區,海港路
桃園市,桃園市大園區,溪州路
桃園市,桃園市大園區,溪海路
桃園市,桃園市大園區,漁港路
桃園市,桃園市大園區,潮音一路
桃園市,桃園市大園區,潮音二路
桃園市,桃園市大園區,潮音北路
桃園市,桃園市大園區,潮音路
桃園市,桃園市大園區,濱海路
桃園市,桃園市大園區,玉輝路
桃園市,桃園市大園區,環區中路
桃園市,桃園市大園區,環區北路
桃園市,桃園市大園區,環區南路
桃園市,桃園市大園區,環區東路
桃園市,桃園市大園區,環區西路
桃園市,桃園市大園區,環場北路
桃園市,桃園市大園區,環場南路
桃園市,桃園市大園區,甘塘路
桃園市,桃園市大園區,田溪路
桃園市,桃園市大園區,皇家一街
桃園市,桃園市大園區,皇家七街
桃園市,桃園市大園區,皇家三街
桃園市,桃園市大園區,皇家二街
桃園市,桃園市大園區,皇家五街
桃園市,桃園市大園區,皇家八街
桃園市,桃園市大園區,皇家六街
桃園市,桃園市大園區,福德路
桃園市,桃園市大園區,科一街
桃園市,桃園市大園區,科七街
桃園市,桃園市大園區,科三街
桃園市,桃園市大園區,科九街
桃園市,桃園市大園區,科二街
桃園市,桃園市大園區,科五街
桃園市,桃園市大園區,科八街
桃園市,桃園市大園區,竹圍街
桃園市,桃園市大園區,紅土厝路
桃園市,桃園市大園區,聖德北路
桃園市,桃園市大園區,聖溪三路
桃園市,桃園市大園區,自強街
桃園市,桃園市大園區,自立一街
桃園市,桃園市大園區,自立三街
桃園市,桃園市大園區,自立二街
桃園市,桃園市大園區,自立四街
桃園市,桃園市大園區,致善路
桃園市,桃園市大園區,致成路
桃園市,桃園市大園區,致祥一街
桃園市,桃園市大園區,致祥三街
桃園市,桃園市大園區,致祥二街
桃園市,桃園市大園區,致維街
桃園市,桃園市大園區,致遠一路
桃園市,桃園市大園區,致遠街
桃園市,桃園市大園區,興德路
桃園市,桃園市大園區,航勤北路
桃園市,桃園市大園區,航勤南路
桃園市,桃園市大園區,航科路
桃園市,桃園市大園區,航站北路
桃園市,桃園市大園區,航站南路
桃園市,桃園市大園區,航翔路
桃園市,桃園市大園區,菓林路
桃園市,桃園市大園區,華中街
桃園市,桃園市大園區,華興路
桃園市,桃園市大園區,西濱路
桃園市,桃園市大園區,許厝港路
桃園市,桃園市大園區,長發一路
桃園市,桃園市大園區,長發路
桃園市,桃園市大園區,長興街
桃園市,桃園市大園區,開和路
桃園市,桃園市大園區,青埔路
桃園市,桃園市大園區,青峰路
桃園市,桃園市大園區,青昇二街
桃園市,桃園市大園區,青昇路
桃園市,桃園市大園區,領航北路
桃園市,桃園市大園區,領航南路
桃園市,桃園市大園區,高鐵北路
桃園市,桃園市大園區,高鐵南路
桃園市,桃園市大園區,高鐵站前西路
桃園市,桃園市龜山區,三民路
桃園市,桃園市龜山區,三聖路
桃園市,桃園市龜山區,下湖街
桃園市,桃園市龜山區,中原街
桃園市,桃園市龜山區,中和南路
桃園市,桃園市龜山區,中和路
桃園市,桃園市龜山區,中坑街
桃園市,桃園市龜山區,中山街
桃園市,桃園市龜山區,中興路
桃園市,桃園市龜山區,中華街
桃園市,桃園市龜山區,仁愛街
桃園市,桃園市龜山區,信義街
桃園市,桃園市龜山區,優美街
桃園市,桃園市龜山區,光和街
桃園市,桃園市龜山區,光安街
桃園市,桃園市龜山區,光峯路
桃園市,桃園市龜山區,光峯路千禧新城
桃園市,桃園市龜山區,光明街
桃園市,桃園市龜山區,光榮路
桃園市,桃園市龜山區,光華路
桃園市,桃園市龜山區,兔坑路
桃園市,桃園市龜山區,公園路
桃園市,桃園市龜山區,南上路
桃園市,桃園市龜山區,南崁後街
桃園市,桃園市龜山區,南祥路
桃園市,桃園市龜山區,南美街
桃園市,桃園市龜山區,同心一路
桃園市,桃園市龜山區,同心二路
桃園市,桃園市龜山區,和平街
桃園市,桃園市龜山區,員林坑路
桃園市,桃園市龜山區,國園一街
桃園市,桃園市龜山區,國園三街
桃園市,桃園市龜山區,國園五街
桃園市,桃園市龜山區,國園街
桃園市,桃園市龜山區,壽山路
桃園市,桃園市龜山區,壽德街
桃園市,桃園市龜山區,壽祿街
桃園市,桃園市龜山區,壽福街
桃園市,桃園市龜山區,大同路
桃園市,桃園市龜山區,大坑路
桃園市,桃園市龜山區,大埔
桃園市,桃園市龜山區,大成街
桃園市,桃園市龜山區,大棟山路
桃園市,桃園市龜山區,大湖一路
桃園市,桃園市龜山區,大湖路
桃園市,桃園市龜山區,大青坑
桃園市,桃園市龜山區,宏慶街
桃園市,桃園市龜山區,宏昇街
桃園市,桃園市龜山區,宏洲街
桃園市,桃園市龜山區,寶石街
桃園市,桃園市龜山區,山鶯路
桃園市,桃園市龜山區,嶺頭
桃園市,桃園市龜山區,幸福一街
桃園市,桃園市龜山區,幸福七街
桃園市,桃園市龜山區,幸福三十一街
桃園市,桃園市龜山區,幸福三十三街
桃園市,桃園市龜山區,幸福三街
桃園市,桃園市龜山區,幸福九街
桃園市,桃園市龜山區,幸福二十一街
桃園市,桃園市龜山區,幸福二十三街
桃園市,桃園市龜山區,幸福二十九街
桃園市,桃園市龜山區,幸福二十五街
桃園市,桃園市龜山區,幸福五街
桃園市,桃園市龜山區,幸福十一街
桃園市,桃園市龜山區,幸福十七街
桃園市,桃園市龜山區,幸福十三街
桃園市,桃園市龜山區,幸福十九街
桃園市,桃園市龜山區,幸福十五街
桃園市,桃園市龜山區,幸福路
桃園市,桃園市龜山區,幸美一街
桃園市,桃園市龜山區,幸美七街
桃園市,桃園市龜山區,幸美三街
桃園市,桃園市龜山區,幸美九街
桃園市,桃園市龜山區,幸美五街
桃園市,桃園市龜山區,幸美十一街
桃園市,桃園市龜山區,幸美街
桃園市,桃園市龜山區,廷美街
桃園市,桃園市龜山區,建國東路
桃園市,桃園市龜山區,張厝
桃園市,桃園市龜山區,復興一路
桃園市,桃園市龜山區,復興三路
桃園市,桃園市龜山區,復興二路
桃園市,桃園市龜山區,復興北路
桃園市,桃園市龜山區,復興南路
桃園市,桃園市龜山區,復興街
桃園市,桃園市龜山區,德明路
桃園市,桃園市龜山區,忠孝街
桃園市,桃園市龜山區,忠義路
桃園市,桃園市龜山區,忠誠街
桃園市,桃園市龜山區,振興路
桃園市,桃園市龜山區,文七一街
桃園市,桃園市龜山區,文七三街
桃園市,桃園市龜山區,文七九街
桃園市,桃園市龜山區,文七二街
桃園市,桃園市龜山區,文七五街
桃園市,桃園市龜山區,文三一街
桃園市,桃園市龜山區,文三三街
桃園市,桃園市龜山區,文三二街
桃園市,桃園市龜山區,文二一街
桃園市,桃園市龜山區,文二三街
桃園市,桃園市龜山區,文信路
桃園市,桃園市龜山區,文光街
桃園市,桃園市龜山區,文全街
桃園市,桃園市龜山區,文化一路
桃園市,桃園市龜山區,文化七路
桃園市,桃園市龜山區,文化三路
桃園市,桃園市龜山區,文化二路
桃園市,桃園市龜山區,文化五路
桃園市,桃園市龜山區,文化東路
桃園市,桃園市龜山區,文善街
桃園市,桃園市龜山區,文學路
桃園市,桃園市龜山區,文安街
桃園市,桃園市龜山區,文山街
桃園市,桃園市龜山區,文工一路
桃園市,桃園市龜山區,文康街
桃園市,桃園市龜山區,文德二路
桃園市,桃園市龜山區,文德路
桃園市,桃園市龜山區,文昌一街
桃園市,桃園市龜山區,文昌三街
桃園市,桃園市龜山區,文昌二街
桃園市,桃園市龜山區,文昌五街
桃園市,桃園市龜山區,文明一街
桃園市,桃園市龜山區,文明三街
桃園市,桃園市龜山區,文明二街
桃園市,桃園市龜山區,文明路
桃園市,桃園市龜山區,文東一街
桃園市,桃園市龜山區,文東三街
桃園市,桃園市龜山區,文東五街
桃園市,桃園市龜山區,文桃路
桃園市,桃園市龜山區,文武街
桃園市,桃園市龜山區,文禾路
桃園市,桃園市龜山區,文興路
桃園市,桃園市龜山區,文茂路
桃園市,桃園市龜山區,文藝街
桃園市,桃園市龜山區,文達路
桃園市,桃園市龜山區,文青一路
桃園市,桃園市龜山區,文青二路
桃園市,桃園市龜山區,文青路
桃園市,桃園市龜山區,新嶺一街
桃園市,桃園市龜山區,新嶺三街
桃園市,桃園市龜山區,新樂街
桃園市,桃園市龜山區,新興一街
桃園市,桃園市龜山區,新興街
桃園市,桃園市龜山區,明仁路
桃園市,桃園市龜山區,明德路
桃園市,桃園市龜山區,明成街
桃園市,桃園市龜山區,明興街
桃園市,桃園市龜山區,明興西街
桃園市,桃園市龜山區,東方球場路
桃園市,桃園市龜山區,東舊路街
桃園市,桃園市龜山區,東萬壽路
桃園市,桃園市龜山區,林森路
桃園市,桃園市龜山區,楓樹一街
桃園市,桃園市龜山區,楓樹七街
桃園市,桃園市龜山區,楓樹三街
桃園市,桃園市龜山區,楓樹二街
桃園市,桃園市龜山區,楓樹五街
桃園市,桃園市龜山區,楓樹六街
桃園市,桃園市龜山區,楓樹路
桃園市,桃園市龜山區,樂善一路
桃園市,桃園市龜山區,樂善三路
桃園市,桃園市龜山區,樂善二路
桃園市,桃園市龜山區,樂善街
桃園市,桃園市龜山區,樂學一路
桃園市,桃園市龜山區,樂學三路
桃園市,桃園市龜山區,樂學路
桃園市,桃園市龜山區,樂安街
桃園市,桃園市龜山區,樂宮街
桃園市,桃園市龜山區,樹人路
桃園市,桃園市龜山區,正興街
桃園市,桃園市龜山區,民安街
桃園市,桃園市龜山區,民富街
桃園市,桃園市龜山區,民族街
桃園市,桃園市龜山區,民權街
桃園市,桃園市龜山區,民生北路
桃園市,桃園市龜山區,民生街
桃園市,桃園市龜山區,永吉街
桃園市,桃園市龜山區,永和街
桃園市,桃園市龜山區,永安街
桃園市,桃園市龜山區,海萍路
桃園市,桃園市龜山區,湖山街
桃園市,桃園市龜山區,牛角坡
桃園市,桃園市龜山區,牛角坡路
桃園市,桃園市龜山區,石雲路
桃園市,桃園市龜山區,福德街
桃園市,桃園市龜山區,福源街
桃園市,桃園市龜山區,科技一路
桃園市,桃園市龜山區,科技七路
桃園市,桃園市龜山區,科技三路
桃園市,桃園市龜山區,科技二路
桃園市,桃園市龜山區,科技八路
桃園市,桃園市龜山區,科技六路
桃園市,桃園市龜山區,紅寶一街
桃園市,桃園市龜山區,紅寶七街
桃園市,桃園市龜山區,紅寶三街
桃園市,桃園市龜山區,紅寶五街
桃園市,桃園市龜山區,綠野一街
桃園市,桃園市龜山區,綠野三街
桃園市,桃園市龜山區,綠野二街
桃園市,桃園市龜山區,綠野五街
桃園市,桃園市龜山區,綠野六街
桃園市,桃園市龜山區,綠野街
桃園市,桃園市龜山區,育樂街
桃園市,桃園市龜山區,育英街
桃園市,桃園市龜山區,自強北路
桃園市,桃園市龜山區,自強南路
桃園市,桃園市龜山區,自強東路
桃園市,桃園市龜山區,自強西路
桃園市,桃園市龜山區,自由街
桃園市,桃園市龜山區,興一街
桃園市,桃園市龜山區,興中街
桃園市,桃園市龜山區,興二街
桃園市,桃園市龜山區,興業街
桃園市,桃園市龜山區,興華一街
桃園市,桃園市龜山區,興華三街
桃園市,桃園市龜山區,興華二街
桃園市,桃園市龜山區,興華五街
桃園市,桃園市龜山區,興邦路
桃園市,桃園市龜山區,茶專一街
桃園市,桃園市龜山區,茶專二街
桃園市,桃園市龜山區,茶專路
桃園市,桃園市龜山區,華亞一路
桃園市,桃園市龜山區,華亞三路
桃園市,桃園市龜山區,華亞二路
桃園市,桃園市龜山區,華亞五路
桃園市,桃園市龜山區,華美一街
桃園市,桃園市龜山區,華美二街
桃園市,桃園市龜山區,華美街
桃園市,桃園市龜山區,萬全街
桃園市,桃園市龜山區,萬壽街
桃園市,桃園市龜山區,萬壽路
桃園市,桃園市龜山區,西勢湖路
桃園市,桃園市龜山區,豐榮街
桃園市,桃園市龜山區,豐美街
桃園市,桃園市龜山區,金山街
桃園市,桃園市龜山區,金湖街
桃園市,桃園市龜山區,金福街
桃園市,桃園市龜山區,金鋒街
桃園市,桃園市龜山區,長壽路
桃園市,桃園市龜山區,長峰路
桃園市,桃園市龜山區,長庚球場路
桃園市,桃園市龜山區,長慶一街
桃園市,桃園市龜山區,長慶三街
桃園市,桃園市龜山區,長慶二街
桃園市,桃園市龜山區,長青路
桃園市,桃園市龜山區,陳厝坑路
桃園市,桃園市龜山區,陸光路
桃園市,桃園市龜山區,集美街
桃園市,桃園市龜山區,青山路
桃園市,桃園市龜山區,頂山腳
桃園市,桃園市龜山區,頂湖一街
桃園市,桃園市龜山區,頂湖七街
桃園市,桃園市龜山區,頂湖三街
桃園市,桃園市龜山區,頂湖九街
桃園市,桃園市龜山區,頂湖二街
桃園市,桃園市龜山區,頂湖五街
桃園市,桃園市龜山區,頂湖六街
桃園市,桃園市龜山區,頂湖十一街
桃園市,桃園市龜山區,頂湖路
桃園市,桃園市龜山區,頂興路
桃園市,桃園市龜山區,風尾街
桃園市,桃園市龜山區,馬頭厝
桃園市,桃園市龜山區,龍新街
桃園市,桃園市龜山區,龍校街
桃園市,桃園市龜山區,龍江街
桃園市,桃園市龜山區,龍泉街
桃園市,桃園市龜山區,龍祥街
桃園市,桃園市龜山區,龍興街
桃園市,桃園市龜山區,龍華街
桃園市,桃園市龜山區,龍街
桃園市,桃園市龜山區,龍鳳街
桃園市,桃園市龜山區,龜山一路
桃園市,桃園市龜山區,龜山后街
桃園市,桃園市龜山區,龜山後街
桃園市,桃園市龜山區,龜山𥐖街
桃園市,桃園市八德區,中山一路
桃園市,桃園市八德區,中山路
桃園市,桃園市八德區,中正一路
桃園市,桃園市八德區,中正二街
桃園市,桃園市八德區,中正北路
桃園市,桃園市八德區,中正路
桃園市,桃園市八德區,中興街
桃園市,桃園市八德區,中華北街
桃園市,桃園市八德區,中華路
桃園市,桃園市八德區,中路南街
桃園市,桃園市八德區,中路街
桃園市,桃園市八德區,五福街
桃園市,桃園市八德區,仁和街
桃園市,桃園市八德區,仁安街
桃園市,桃園市八德區,仁德一路
桃園市,桃園市八德區,仁德三路
桃園市,桃園市八德區,仁德二路
桃園市,桃園市八德區,仁德五路
桃園市,桃園市八德區,仁德路
桃園市,桃園市八德區,仁愛街
桃園市,桃園市八德區,介壽路
桃園市,桃園市八德區,信義街
桃園市,桃園市八德區,僑愛一街
桃園市,桃園市八德區,公園路
桃園市,桃園市八德區,前程街
桃園市,桃園市八德區,力行街
桃園市,桃園市八德區,力霸街
桃園市,桃園市八德區,博愛街
桃園市,桃園市八德區,友聯街
桃園市,桃園市八德區,合興一街
桃園市,桃園市八德區,合興二街
桃園市,桃園市八德區,合興街
桃園市,桃園市八德區,同和路
桃園市,桃園市八德區,和平路
桃園市,桃園市八德區,和強路
桃園市,桃園市八德區,和成路
桃園市,桃園市八德區,和義一街
桃園市,桃園市八德區,和義二街
桃園市,桃園市八德區,和義街
桃園市,桃園市八德區,四維路
桃園市,桃園市八德區,國強二街
桃園市,桃園市八德區,國聯街
桃園市,桃園市八德區,國豐一街
桃園市,桃園市八德區,國豐二街
桃園市,桃園市八德區,國豐五街
桃園市,桃園市八德區,國豐六街
桃園市,桃園市八德區,國豐街
桃園市,桃園市八德區,國際路
桃園市,桃園市八德區,城仔街
桃園市,桃園市八德區,大勇街
桃園市,桃園市八德區,大勤街
桃園市,桃園市八德區,大原路
桃園市,桃園市八德區,大同路
桃園市,桃園市八德區,大和路
桃園市,桃園市八德區,大忠街
桃園市,桃園市八德區,大成街
桃園市,桃園市八德區,大明街
桃園市,桃園市八德區,大智路
桃園市,桃園市八德區,大火房街
桃園市,桃園市八德區,大福街
桃園市,桃園市八德區,大義街
桃園市,桃園市八德區,大興路
桃園市,桃園市八德區,天祥街
桃園市,桃園市八德區,官路缺街
桃園市,桃園市八德區,富城街
桃園市,桃園市八德區,富榮街
桃園市,桃園市八德區,富裕街
桃園市,桃園市八德區,寶豐街
桃園市,桃園市八德區,山下街
桃園市,桃園市八德區,崁頂路
桃園市,桃園市八德區,巧克力街
桃園市,桃園市八德區,廣福路
桃園市,桃園市八德區,廣興一路
桃園市,桃園市八德區,廣興三路
桃園市,桃園市八德區,廣興二路
桃園市,桃園市八德區,廣興五街
桃園市,桃園市八德區,廣興路
桃園市,桃園市八德區,廣褔路
桃園市,桃園市八德區,廣豐一街
桃園市,桃園市八德區,廣豐三街
桃園市,桃園市八德區,廣豐二街
桃園市,桃園市八德區,廣豐路
桃園市,桃園市八德區,廣隆街
桃園市,桃園市八德區,建國路
桃園市,桃園市八德區,建安街
桃園市,桃園市八德區,建德路
桃園市,桃園市八德區,建新街
桃園市,桃園市八德區,建興街
桃園市,桃園市八德區,後庄街
桃園市,桃園市八德區,忠勇一街
桃園市,桃園市八德區,忠勇七街
桃園市,桃園市八德區,忠勇三街
桃園市,桃園市八德區,忠勇二街
桃園市,桃園市八德區,忠勇五街
桃園市,桃園市八德區,忠勇六街
桃園市,桃園市八德區,忠勇街
桃園市,桃園市八德區,忠勇西街
桃園市,桃園市八德區,忠勤街
桃園市,桃園市八德區,忠孝街
桃園市,桃園市八德區,忠義街
桃園市,桃園市八德區,忠誠街
桃園市,桃園市八德區,思源街
桃園市,桃園市八德區,懷德街
桃園市,桃園市八德區,成功街
桃園市,桃園市八德區,指玄街
桃園市,桃園市八德區,文化一街
桃園市,桃園市八德區,文昌街
桃園市,桃園市八德區,新生路
桃園市,桃園市八德區,新興路
桃園市,桃園市八德區,明光街
桃園市,桃園市八德區,景大街
桃園市,桃園市八德區,東勇一路
桃園市,桃園市八德區,東勇二路
桃園市,桃園市八德區,東勇北路
桃園市,桃園市八德區,東勇街
桃園市,桃園市八德區,東泰街
桃園市,桃園市八德區,東豐街
桃園市,桃園市八德區,桃和街
桃園市,桃園市八德區,桃德路
桃園市,桃園市八德區,桃拾街
桃園市,桃園市八德區,桃新街
桃園市,桃園市八德區,桃鶯路
桃園市,桃園市八德區,榮興南路
桃園市,桃園市八德區,榮興路
桃園市,桃園市八德區,樹仁三街
桃園市,桃園市八德區,正福一街
桃園市,桃園市八德區,正福七街
桃園市,桃園市八德區,正福三街
桃園市,桃園市八德區,正福二街
桃園市,桃園市八德區,正福五街
桃園市,桃園市八德區,正福八街
桃園市,桃園市八德區,正福街
桃園市,桃園市八德區,民權街
桃園市,桃園市八德區,民生街
桃園市,桃園市八德區,永固街
桃園市,桃園市八德區,永安街
桃園市,桃園市八德區,永忠街
桃園市,桃園市八德區,永祥街
桃園市,桃園市八德區,永福街
桃園市,桃園市八德區,永福西街
桃園市,桃園市八德區,永興街
桃園市,桃園市八德區,永豐南路
桃園市,桃園市八德區,永豐路
桃園市,桃園市八德區,泰豐街
桃園市,桃園市八德區,浮筧街
桃園市,桃園市八德區,溝後街
桃園市,桃園市八德區,溪墘街
桃園市,桃園市八德區,瑞安街
桃園市,桃園市八德區,瑞泰街
桃園市,桃園市八德區,瑞源一街
桃園市,桃園市八德區,瑞源街
桃園市,桃園市八德區,瑞發街
桃園市,桃園市八德區,福僑街
桃園市,桃園市八德區,福國北街
桃園市,桃園市八德區,福國街
桃園市,桃園市八德區,福德一路
桃園市,桃園市八德區,福德三街
桃園市,桃園市八德區,福德二街
桃園市,桃園市八德區,福德街
桃園市,桃園市八德區,福樂街
桃園市,桃園市八德區,福豐北街
桃園市,桃園市八德區,福豐南街
桃園市,桃園市八德區,福豐東街
桃園市,桃園市八德區,福豐西街
桃園市,桃園市八德區,竹園街
桃園市,桃園市八德區,竹興街
桃園市,桃園市八德區,義勇街
桃園市,桃園市八德區,聖王街
桃園市,桃園市八德區,聯明一街
桃園市,桃園市八德區,聯明二街
桃園市,桃園市八德區,聯明街
桃園市,桃園市八德區,聯華街
桃園市,桃園市八德區,自強街
桃園市,桃園市八德區,興仁路
桃園市,桃園市八德區,興豐路
桃園市,桃園市八德區,興隆街
桃園市,桃園市八德區,茄苳路
桃園市,桃園市八德區,華安街
桃園市,桃園市八德區,華康街
桃園市,桃園市八德區,裕民街
桃園市,桃園市八德區,豐吉路
桃園市,桃園市八德區,豐德一路
桃園市,桃園市八德區,豐德二路
桃園市,桃園市八德區,豐德街
桃園市,桃園市八德區,豐德路
桃園市,桃園市八德區,豐成街
桃園市,桃園市八德區,豐田一路
桃園市,桃園市八德區,豐田七街
桃園市,桃園市八德區,豐田三路
桃園市,桃園市八德區,豐田二路
桃園市,桃園市八德區,豐田五街
桃園市,桃園市八德區,豐田八街
桃園市,桃園市八德區,豐田六路
桃園市,桃園市八德區,豐田路
桃園市,桃園市八德區,郵局街
桃園市,桃園市八德區,重慶街
桃園市,桃園市八德區,金和路
桃園市,桃園市八德區,金城街
桃園市,桃園市八德區,金福街
桃園市,桃園市八德區,金鎰街
桃園市,桃園市八德區,金門街
桃園市,桃園市八德區,銀和街
桃園市,桃園市八德區,長安街
桃園市,桃園市八德區,長生路
桃園市,桃園市八德區,長興一路
桃園市,桃園市八德區,長興二路
桃園市,桃園市八德區,長興路
桃園市,桃園市八德區,開隆街
桃園市,桃園市八德區,陸光街
桃園市,桃園市八德區,霄裡路
桃園市,桃園市八德區,青溪一街
桃園市,桃園市八德區,青溪三街
桃園市,桃園市八德區,青溪二街
桃園市,桃園市八德區,青溪街
桃園市,桃園市八德區,順昌街
桃園市,桃園市八德區,高城一街
桃園市,桃園市八德區,高城七街
桃園市,桃園市八德區,高城三街
桃園市,桃園市八德區,高城九街
桃園市,桃園市八德區,高城二街
桃園市,桃園市八德區,高城五街
桃園市,桃園市八德區,高城八街
桃園市,桃園市八德區,高城六街
桃園市,桃園市八德區,高城路
桃園市,桃園市八德區,魚池街
桃園市,桃園市八德區,鴻昌街
桃園市,桃園市八德區,龍南路
桃園市,桃園市八德區,龍壽街
桃園市,桃園市八德區,龍宮街
桃園市,桃園市八德區,龍江路
桃園市,桃園市龍潭區,三坑老街
桃園市,桃園市龍潭區,三角林街
桃園市,桃園市龍潭區,中原路
桃園市,桃園市龍潭區,中央街
桃園市,桃園市龍潭區,中正路
桃園市,桃園市龍潭區,中正路三坑段
桃園市,桃園市龍潭區,中興路
桃園市,桃園市龍潭區,中豐路
桃園市,桃園市龍潭區,中豐路高平段
桃園市,桃園市龍潭區,二坪路
桃園市,桃園市龍潭區,五福街
桃園市,桃園市龍潭區,五龍街
桃園市,桃園市龍潭區,仁愛街
桃園市,桃園市龍潭區,仁愛路
桃園市,桃園市龍潭區,休閒街
桃園市,桃園市龍潭區,佳安東路
桃園市,桃園市龍潭區,佳安西路
桃園市,桃園市龍潭區,佳安路
桃園市,桃園市龍潭區,信義街
桃園市,桃園市龍潭區,信義路
桃園市,桃園市龍潭區,健康路
桃園市,桃園市龍潭區,健行路
桃園市,桃園市龍潭區,光明路
桃園市,桃園市龍潭區,光華街
桃園市,桃園市龍潭區,八德路
桃園市,桃園市龍潭區,公園路
桃園市,桃園市龍潭區,六槓寮路
桃園市,桃園市龍潭區,北坑街
桃園市,桃園市龍潭區,北龍路
桃園市,桃園市龍潭區,十一分路
桃園市,桃園市龍潭區,十股路
桃園市,桃園市龍潭區,南坑路
桃園市,桃園市龍潭區,南龍路
桃園市,桃園市龍潭區,双連街
桃園市,桃園市龍潭區,向陽一街
桃園市,桃園市龍潭區,向陽三街
桃園市,桃園市龍潭區,向陽二街
桃園市,桃園市龍潭區,和平街
桃園市,桃園市龍潭區,員東路
桃園市,桃園市龍潭區,國聯街
桃園市,桃園市龍潭區,大北坑街
桃園市,桃園市龍潭區,大同路
桃園市,桃園市龍潭區,大昌路
桃園市,桃園市龍潭區,大順路
桃園市,桃園市龍潭區,宏遠路
桃園市,桃園市龍潭區,富山一街
桃園市,桃園市龍潭區,富山三街
桃園市,桃園市龍潭區,富山二街
桃園市,桃園市龍潭區,富山五街
桃園市,桃園市龍潭區,富山四街
桃園市,桃園市龍潭區,富華街
桃園市,桃園市龍潭區,實踐路
桃園市,桃園市龍潭區,小北坑街
桃園市,桃園市龍潭區,工一路
桃園市,桃園市龍潭區,工七路
桃園市,桃園市龍潭區,工二路
桃園市,桃園市龍潭區,工五路
桃園市,桃園市龍潭區,干城路
桃園市,桃園市龍潭區,店湖一路
桃園市,桃園市龍潭區,建國路
桃園市,桃園市龍潭區,建成路
桃園市,桃園市龍潭區,建龍一街
桃園市,桃園市龍潭區,建龍三街
桃園市,桃園市龍潭區,建龍二街
桃園市,桃園市龍潭區,復興路
桃園市,桃園市龍潭區,德林路
桃園市,桃園市龍潭區,德湖街
桃園市,桃園市龍潭區,德龍街
桃園市,桃園市龍潭區,忠勇街
桃園市,桃園市龍潭區,忠孝路
桃園市,桃園市龍潭區,悅華路
桃園市,桃園市龍潭區,愛國路
桃園市,桃園市龍潭區,成功路
桃園市,桃園市龍潭區,文化路
桃園市,桃園市龍潭區,新原路
桃園市,桃園市龍潭區,新和路
桃園市,桃園市龍潭區,新龍路
桃園市,桃園市龍潭區,朝鳳路
桃園市,桃園市龍潭區,東興街
桃園市,桃園市龍潭區,東華街
桃園市,桃園市龍潭區,東龍街
桃園市,桃園市龍潭區,東龍路
桃園市,桃園市龍潭區,東龍路後街
桃園市,桃園市龍潭區,梅龍一街
桃園市,桃園市龍潭區,梅龍三街
桃園市,桃園市龍潭區,梅龍二街
桃園市,桃園市龍潭區,梅龍路
桃園市,桃園市龍潭區,楊銅路
桃園市,桃園市龍潭區,武中路
桃園市,桃園市龍潭區,武漢路
桃園市,桃園市龍潭區,民主街
桃園市,桃園市龍潭區,民富街
桃園市,桃園市龍潭區,民強街
桃園市,桃園市龍潭區,民族路
桃園市,桃園市龍潭區,民有一街
桃園市,桃園市龍潭區,民有三街
桃園市,桃園市龍潭區,民有路
桃園市,桃園市龍潭區,民治一街
桃園市,桃園市龍潭區,民治七街
桃園市,桃園市龍潭區,民治三街
桃園市,桃園市龍潭區,民治五街
桃園市,桃園市龍潭區,民治八街
桃園市,桃園市龍潭區,民治六街
桃園市,桃園市龍潭區,民治十二街
桃園市,桃園市龍潭區,民治十八街
桃園市,桃園市龍潭區,民治十六街
桃園市,桃園市龍潭區,民治十四街
桃園市,桃園市龍潭區,民治十街
桃園市,桃園市龍潭區,民治四街
桃園市,桃園市龍潭區,民治路
桃園市,桃園市龍潭區,民生路
桃園市,桃園市龍潭區,民豐一街
桃園市,桃園市龍潭區,民豐六街
桃園市,桃園市龍潭區,永和路
桃園市,桃園市龍潭區,永安街
桃園市,桃園市龍潭區,永平路
桃園市,桃園市龍潭區,永昌路
桃園市,桃園市龍潭區,永福路
桃園市,桃園市龍潭區,永興街
桃園市,桃園市龍潭區,淮子埔一路
桃園市,桃園市龍潭區,淮子埔路
桃園市,桃園市龍潭區,清水坑街
桃園市,桃園市龍潭區,渴望一路
桃園市,桃園市龍潭區,渴望二路
桃園市,桃園市龍潭區,渴望路
桃園市,桃園市龍潭區,湧光路
桃園市,桃園市龍潭區,湳窩路
桃園市,桃園市龍潭區,澢滴水路
桃園市,桃園市龍潭區,番子窩路
桃園市,桃園市龍潭區,百年一街
桃園市,桃園市龍潭區,百年三街
桃園市,桃園市龍潭區,百年二街
桃園市,桃園市龍潭區,百年五街
桃園市,桃園市龍潭區,百年路
桃園市,桃園市龍潭區,百福街
桃園市,桃園市龍潭區,知恥路
桃園市,桃園市龍潭區,石園路
桃園市,桃園市龍潭區,石門路
桃園市,桃園市龍潭區,碧湖路
桃園市,桃園市龍潭區,神龍路
桃園市,桃園市龍潭區,祥雲街
桃園市,桃園市龍潭區,福安街
桃園市,桃園市龍潭區,福德街
桃園市,桃園市龍潭區,福源路
桃園市,桃園市龍潭區,福龍路
桃園市,桃園市龍潭區,禮賢路
桃園市,桃園市龍潭區,秀峰一街
桃園市,桃園市龍潭區,竹林路
桃園市,桃園市龍潭區,竹源街
桃園市,桃園市龍潭區,竹龍路
桃園市,桃園市龍潭區,粗坑路
桃園市,桃園市龍潭區,紅橋路
桃園市,桃園市龍潭區,美國路
桃園市,桃園市龍潭區,聖亭路
桃園市,桃園市龍潭區,聖德街
桃園市,桃園市龍潭區,聯和街
桃園市,桃園市龍潭區,育樂路
桃園市,桃園市龍潭區,自由街
桃園市,桃園市龍潭區,花園新城一街
桃園市,桃園市龍潭區,花園新城三街
桃園市,桃園市龍潭區,花園新城二街
桃園市,桃園市龍潭區,華南路
桃園市,桃園市龍潭區,華映路
桃園市,桃園市龍潭區,西龍路
桃園市,桃園市龍潭區,誠實路
桃園市,桃園市龍潭區,賴華街
桃園市,桃園市龍潭區,金山路
桃園市,桃園市龍潭區,金龍一街
桃園市,桃園市龍潭區,金龍三街
桃園市,桃園市龍潭區,金龍二街
桃園市,桃園市龍潭區,金龍路
桃園市,桃園市龍潭區,高原路
桃園市,桃園市龍潭區,高楊北路
桃園市,桃園市龍潭區,高楊南路
桃園市,桃園市龍潭區,龍元路
桃園市,桃園市龍潭區,龍吟街
桃園市,桃園市龍潭區,龍園一路
桃園市,桃園市龍潭區,龍園七路
桃園市,桃園市龍潭區,龍園五路
桃園市,桃園市龍潭區,龍園八路
桃園市,桃園市龍潭區,龍園六路
桃園市,桃園市龍潭區,龍園十路
桃園市,桃園市龍潭區,龍城路
桃園市,桃園市龍潭區,龍安一街
桃園市,桃園市龍潭區,龍安三街
桃園市,桃園市龍潭區,龍安二街
桃園市,桃園市龍潭區,龍平路
桃園市,桃園市龍潭區,龍新路
桃園市,桃園市龍潭區,龍源路
桃園市,桃園市龍潭區,龍祥路
桃園市,桃園市龍潭區,龍科街
桃園市,桃園市龍潭區,龍興路
桃園市,桃園市龍潭區,龍華路
桃園市,桃園市龍潭區,龍門街
桃園市,桃園市龍潭區,龍青路
桃園市,桃園市平鎮區,三和路
桃園市,桃園市平鎮區,三興路
桃園市,桃園市平鎮區,上海路
桃園市,桃園市平鎮區,中原路
桃園市,桃園市平鎮區,中央路
桃園市,桃園市平鎮區,中山路
桃園市,桃園市平鎮區,中庸路
桃園市,桃園市平鎮區,中正一路
桃園市,桃園市平鎮區,中正三路
桃園市,桃園市平鎮區,中正二路
桃園市,桃園市平鎮區,中正五路
桃園市,桃園市平鎮區,中正六路
桃園市,桃園市平鎮區,中正路
桃園市,桃園市平鎮區,中興路
桃園市,桃園市平鎮區,中豐路
桃園市,桃園市平鎮區,中豐路南勢二段
桃園市,桃園市平鎮區,信義路
桃園市,桃園市平鎮區,光復路
桃園市,桃園市平鎮區,北興街
桃園市,桃園市平鎮區,南京路
桃園市,桃園市平鎮區,南安路
桃園市,桃園市平鎮區,南平路
桃園市,桃園市平鎮區,南昌街
桃園市,桃園市平鎮區,南東路
桃園市,桃園市平鎮區,南華街
桃園市,桃園市平鎮區,南豐路
桃園市,桃園市平鎮區,合作街
桃園市,桃園市平鎮區,吉祥街
桃園市,桃園市平鎮區,和平路
桃園市,桃園市平鎮區,圳南路
桃園市,桃園市平鎮區,坤慶二街
桃園市,桃園市平鎮區,坤慶路
桃園市,桃園市平鎮區,大仁街
桃園市,桃園市平鎮區,大勇街
桃園市,桃園市平鎮區,大昌路
桃園市,桃園市平鎮區,大智街
桃園市,桃園市平鎮區,大興街
桃園市,桃園市平鎮區,大連街
桃園市,桃園市平鎮區,天津街
桃園市,桃園市平鎮區,太平東路
桃園市,桃園市平鎮區,太平西路
桃園市,桃園市平鎮區,學園街
桃園市,桃園市平鎮區,安平街
桃園市,桃園市平鎮區,富貴街
桃園市,桃園市平鎮區,山福路
桃園市,桃園市平鎮區,崇德街
桃園市,桃園市平鎮區,崇義三街
桃園市,桃園市平鎮區,崇義五街
桃園市,桃園市平鎮區,崇義六街
桃園市,桃園市平鎮區,工業一路
桃園市,桃園市平鎮區,工業七路
桃園市,桃園市平鎮區,工業三路
桃園市,桃園市平鎮區,工業九路
桃園市,桃園市平鎮區,工業二路
桃園市,桃園市平鎮區,工業五路
桃園市,桃園市平鎮區,工業六路
桃園市,桃園市平鎮區,工業十一路
桃園市,桃園市平鎮區,工業十二路
桃園市,桃園市平鎮區,工業十路
桃園市,桃園市平鎮區,工業南路
桃園市,桃園市平鎮區,工業東路
桃園市,桃園市平鎮區,工業西路
桃園市,桃園市平鎮區,平安南街
桃園市,桃園市平鎮區,平安路
桃園市,桃園市平鎮區,平德路
桃園市,桃園市平鎮區,平東路
桃園市,桃園市平鎮區,平等路
桃園市,桃園市平鎮區,庫房北路
桃園市,桃園市平鎮區,庫房南路
桃園市,桃園市平鎮區,康樂路
桃園市,桃園市平鎮區,廟前路
桃園市,桃園市平鎮區,廣南路
桃園市,桃園市平鎮區,廣平街
桃園市,桃園市平鎮區,廣德街
桃園市,桃園市平鎮區,廣成街
桃園市,桃園市平鎮區,廣明路
桃園市,桃園市平鎮區,廣東路
桃園市,桃園市平鎮區,廣泰路
桃園市,桃園市平鎮區,廣義街
桃園市,桃園市平鎮區,廣興一街
桃園市,桃園市平鎮區,廣興三街
桃園市,桃園市平鎮區,廣興二街
桃園市,桃園市平鎮區,廣西路
桃園市,桃園市平鎮區,廣豐街
桃園市,桃園市平鎮區,廣達街
桃園市,桃園市平鎮區,延平路
桃園市,桃園市平鎮區,建安路
桃園市,桃園市平鎮區,建明路
桃園市,桃園市平鎮區,復旦路
桃園市,桃園市平鎮區,復興街
桃園市,桃園市平鎮區,德育路
桃園市,桃園市平鎮區,忠孝路
桃園市,桃園市平鎮區,忠貞一街
桃園市,桃園市平鎮區,忠貞路
桃園市,桃園市平鎮區,快速路
桃園市,桃園市平鎮區,惠州街
桃園市,桃園市平鎮區,成功路
桃園市,桃園市平鎮區,承德路
桃園市,桃園市平鎮區,振中街
桃園市,桃園市平鎮區,振平街
桃園市,桃園市平鎮區,振昌街
桃園市,桃園市平鎮區,振興西路
桃園市,桃園市平鎮區,振興路
桃園市,桃園市平鎮區,文化街
桃園市,桃園市平鎮區,文心路
桃園市,桃園市平鎮區,新光路
桃園市,桃園市平鎮區,新城路
桃園市,桃園市平鎮區,新富一街
桃園市,桃園市平鎮區,新富三街
桃園市,桃園市平鎮區,新富二街
桃園市,桃園市平鎮區,新富五街
桃園市,桃園市平鎮區,新富四街
桃園市,桃園市平鎮區,新富街
桃園市,桃園市平鎮區,新德街
桃園市,桃園市平鎮區,新榮路
桃園市,桃園市平鎮區,新興路
桃園市,桃園市平鎮區,新華北路
桃園市,桃園市平鎮區,新華路
桃園市,桃園市平鎮區,新貴北街
桃園市,桃園市平鎮區,新貴南街
桃園市,桃園市平鎮區,新貴街
桃園市,桃園市平鎮區,日星街
桃園市,桃園市平鎮區,明德北路
桃園市,桃園市平鎮區,明德路
桃園市,桃園市平鎮區,星友街
桃園市,桃園市平鎮區,東光路
桃園市,桃園市平鎮區,東豐路
桃園市,桃園市平鎮區,東龍街
桃園市,桃園市平鎮區,柑園路
桃園市,桃園市平鎮區,榮興街
桃園市,桃園市平鎮區,正義路
桃園市,桃園市平鎮區,武中路
桃園市,桃園市平鎮區,武昌街
桃園市,桃園市平鎮區,民族路
桃園市,桃園市平鎮區,水廠路
桃園市,桃園市平鎮區,洪圳路
桃園市,桃園市平鎮區,清泉街
桃園市,桃園市平鎮區,游泳路
桃園市,桃園市平鎮區,湧光路
桃園市,桃園市平鎮區,湧安路
桃園市,桃園市平鎮區,湧峯路
桃園市,桃園市平鎮區,湧東路
桃園市,桃園市平鎮區,湧興路
桃園市,桃園市平鎮區,漢口街
桃園市,桃園市平鎮區,營德路
桃園市,桃園市平鎮區,狀元街
桃園市,桃園市平鎮區,環南路
桃園市,桃園市平鎮區,環河路
桃園市,桃園市平鎮區,祥安街
桃園市,桃園市平鎮區,福壽路
桃園市,桃園市平鎮區,福德路
桃園市,桃園市平鎮區,福龍路
桃園市,桃園市平鎮區,義民路
桃園市,桃園市平鎮區,義興街
桃園市,桃園市平鎮區,育英路
桃園市,桃園市平鎮區,育達路
桃園市,桃園市平鎮區,自強街
桃園市,桃園市平鎮區,自由街
桃園市,桃園市平鎮區,興埔路
桃園市,桃園市平鎮區,興安路
桃園市,桃園市平鎮區,興東路
桃園市,桃園市平鎮區,興華街
桃園市,桃園市平鎮區,興隆路
桃園市,桃園市平鎮區,莊敬街
桃園市,桃園市平鎮區,莊福路
桃園市,桃園市平鎮區,莊隆街
桃園市,桃園市平鎮區,莒光路
桃園市,桃園市平鎮區,華安街
桃園市,桃園市平鎮區,華隆街
桃園市,桃園市平鎮區,萬興街
桃園市,桃園市平鎮區,貿一路
桃園市,桃園市平鎮區,貿三路
桃園市,桃園市平鎮區,貿中街
桃園市,桃園市平鎮區,貿五路
桃園市,桃園市平鎮區,貿東路
桃園市,桃園市平鎮區,貿西路
桃園市,桃園市平鎮區,賦梅北路
桃園市,桃園市平鎮區,賦梅路
桃園市,桃園市平鎮區,迪化街
桃園市,桃園市平鎮區,金園街
桃園市,桃園市平鎮區,金城街
桃園市,桃園市平鎮區,金山街
桃園市,桃園市平鎮區,金興街
桃園市,桃園市平鎮區,金華街
桃園市,桃園市平鎮區,金陵路
桃園市,桃園市平鎮區,金雞湖路
桃園市,桃園市平鎮區,金龍路
桃園市,桃園市平鎮區,鎮德路
桃園市,桃園市平鎮區,鎮鏞路
桃園市,桃園市平鎮區,長壽街
桃園市,桃園市平鎮區,長安路
桃園市,桃園市平鎮區,長富街
桃園市,桃園市平鎮區,長沙街
桃園市,桃園市平鎮區,長祥街
桃園市,桃園市平鎮區,長福街
桃園市,桃園市平鎮區,開封街
桃園市,桃園市平鎮區,關爺北路
桃園市,桃園市平鎮區,關爺南路
桃園市,桃園市平鎮區,關爺東路
桃園市,桃園市平鎮區,關爺西路
桃園市,桃園市平鎮區,陸光路
桃園市,桃園市平鎮區,陸橋北街
桃園市,桃園市平鎮區,陸橋南路
桃園市,桃園市平鎮區,隘寮路
桃園市,桃園市平鎮區,雅豐街
桃園市,桃園市平鎮區,雙榮路
桃園市,桃園市平鎮區,雙福路
桃園市,桃園市平鎮區,頂好街
桃園市,桃園市平鎮區,高幼路
桃園市,桃園市平鎮區,高民路
桃園市,桃園市平鎮區,高雙路
桃園市,桃園市平鎮區,麻園街
桃園市,桃園市平鎮區,龍南路
桃園市,桃園市平鎮區,龍安路
桃園市,桃園市平鎮區,龍岡路
桃園市,桃園市平鎮區,龍平路
桃園市,桃園市平鎮區,龍德路
桃園市,桃園市平鎮區,龍明街
桃園市,桃園市平鎮區,龍江路
桃園市,桃園市平鎮區,龍泉一街
桃園市,桃園市平鎮區,龍泉街
桃園市,桃園市平鎮區,龍祥路
桃園市,桃園市平鎮區,龍福路
桃園市,桃園市平鎮區,龍美路
桃園市,桃園市新屋區,三民路
桃園市,桃園市新屋區,三福一路
桃園市,桃園市新屋區,三福二路
桃園市,桃園市新屋區,三福路
桃園市,桃園市新屋區,上庄一路
桃園市,桃園市新屋區,上庄路
桃園市,桃園市新屋區,上槺榔
桃園市,桃園市新屋區,中山東路
桃園市,桃園市新屋區,中山西路
桃園市,桃園市新屋區,中山路
桃園市,桃園市新屋區,中正一街
桃園市,桃園市新屋區,中正路
桃園市,桃園市新屋區,中興北路
桃園市,桃園市新屋區,中興路
桃園市,桃園市新屋區,中華南路
桃園市,桃園市新屋區,中華路
桃園市,桃園市新屋區,九洲路
桃園市,桃園市新屋區,五美路
桃園市,桃園市新屋區,五谷路
桃園市,桃園市新屋區,仁愛街
桃園市,桃園市新屋區,保安路
桃園市,桃園市新屋區,保生路
桃園市,桃園市新屋區,信義街
桃園市,桃園市新屋區,八德街
桃園市,桃園市新屋區,北勢
桃園市,桃園市新屋區,十五間
桃園市,桃園市新屋區,十美路
桃園市,桃園市新屋區,十足路
桃園市,桃園市新屋區,和平街
桃園市,桃園市新屋區,四維街
桃園市,桃園市新屋區,國校路
桃園市,桃園市新屋區,圳禾路
桃園市,桃園市新屋區,埔和一路
桃園市,桃園市新屋區,埔和三路
桃園市,桃園市新屋區,埔和二路
桃園市,桃園市新屋區,埔和五路
桃園市,桃園市新屋區,埔和路
桃園市,桃園市新屋區,埔工路
桃園市,桃園市新屋區,埔頂
桃園市,桃園市新屋區,埔頂一路
桃園市,桃園市新屋區,埔頂二路
桃園市,桃園市新屋區,埔頂路
桃園市,桃園市新屋區,大坡路
桃園市,桃園市新屋區,大庄路
桃園市,桃園市新屋區,大智路
桃園市,桃園市新屋區,寶樹路
桃園市,桃園市新屋區,後塘路
桃園市,桃園市新屋區,後庄
桃園市,桃園市新屋區,後庄一路
桃園市,桃園市新屋區,後庄三路
桃園市,桃園市新屋區,後庄九路
桃園市,桃園市新屋區,後庄二路
桃園市,桃園市新屋區,後庄五路
桃園市,桃園市新屋區,後庄六路
桃園市,桃園市新屋區,後庄路
桃園市,桃園市新屋區,後湖路
桃園市,桃園市新屋區,復興街
桃園市,桃園市新屋區,德尚路
桃園市,桃園市新屋區,德義一路
桃園市,桃園市新屋區,德義路
桃園市,桃園市新屋區,德順路
桃園市,桃園市新屋區,忠孝街
桃園市,桃園市新屋區,快速路
桃園市,桃園市新屋區,成功路
桃園市,桃園市新屋區,文化路
桃園市,桃園市新屋區,文大路
桃園市,桃園市新屋區,文學路
桃園市,桃園市新屋區,文安路
桃園市,桃園市新屋區,文源路
桃園市,桃園市新屋區,文福路
桃園市,桃園市新屋區,文頂路
桃園市,桃園市新屋區,新文路
桃園市,桃園市新屋區,新榮路
桃園市,桃園市新屋區,新洲一街
桃園市,桃園市新屋區,新洲三街
桃園市,桃園市新屋區,新洲二街
桃園市,桃園市新屋區,新洲五街
桃園市,桃園市新屋區,新洲東路
桃園市,桃園市新屋區,新洲路
桃園市,桃園市新屋區,新港路
桃園市,桃園市新屋區,新湖路
桃園市,桃園市新屋區,新生一街
桃園市,桃園市新屋區,新生三街
桃園市,桃園市新屋區,新生五街
桃園市,桃園市新屋區,新福一路
桃園市,桃園市新屋區,新福二路
桃園市,桃園市新屋區,新興街
桃園市,桃園市新屋區,新華路
桃園市,桃園市新屋區,望間一路
桃園市,桃園市新屋區,望間三路
桃園市,桃園市新屋區,望間二路
桃園市,桃園市新屋區,望間五路
桃園市,桃園市新屋區,望間六路
桃園市,桃園市新屋區,望間路
桃園市,桃園市新屋區,東明路
桃園市,桃園市新屋區,東福路
桃園市,桃園市新屋區,東興路
桃園市,桃園市新屋區,東赤路
桃園市,桃園市新屋區,校前一街
桃園市,桃園市新屋區,校前路
桃園市,桃園市新屋區,梅高路
桃園市,桃園市新屋區,榮源路
桃園市,桃園市新屋區,槺榔一路
桃園市,桃園市新屋區,槺榔三路
桃園市,桃園市新屋區,槺榔二路
桃園市,桃園市新屋區,槺榔路
桃園市,桃園市新屋區,民族路
桃園市,桃園市新屋區,民有一路
桃園市,桃園市新屋區,民有三路
桃園市,桃園市新屋區,民有二路
桃園市,桃園市新屋區,民興路
桃園市,桃園市新屋區,水流
桃園市,桃園市新屋區,永一路
桃園市,桃園市新屋區,永三街
桃園市,桃園市新屋區,永吉路
桃園市,桃園市新屋區,永平路
桃園市,桃園市新屋區,永慶一路
桃園市,桃園市新屋區,永慶二路
桃園市,桃園市新屋區,永慶路
桃園市,桃園市新屋區,永成路
桃園市,桃園市新屋區,永田路
桃園市,桃園市新屋區,永祥路
桃園市,桃園市新屋區,永福路
桃園市,桃園市新屋區,深圳
桃園市,桃園市新屋區,深圳七路
桃園市,桃園市新屋區,深圳六路
桃園市,桃園市新屋區,清文路
桃園市,桃園市新屋區,清華一街
桃園市,桃園市新屋區,清華二街
桃園市,桃園市新屋區,清華路
桃園市,桃園市新屋區,港富路
桃園市,桃園市新屋區,港昇路
桃園市,桃園市新屋區,港興路
桃園市,桃園市新屋區,港豐路
桃園市,桃園市新屋區,湧泉路
桃園市,桃園市新屋區,濱海路
桃園市,桃園市新屋區,濱海路永興段
桃園市,桃園市新屋區,濱海路深圳段
桃園市,桃園市新屋區,犁頭洲
桃園市,桃園市新屋區,田中路
桃園市,桃園市新屋區,田心北路
桃園市,桃園市新屋區,田心南路
桃園市,桃園市新屋區,石保路
桃園市,桃園市新屋區,石安路
桃園市,桃園市新屋區,石平路
桃園市,桃園市新屋區,石牌嶺
桃園市,桃園市新屋區,石磊
桃園市,桃園市新屋區,石莊路
桃園市,桃園市新屋區,社子
桃園市,桃園市新屋區,社子路
桃園市,桃園市新屋區,社福路
桃園市,桃園市新屋區,福九路
桃園市,桃園市新屋區,福德街
桃園市,桃園市新屋區,福洲一街
桃園市,桃園市新屋區,福洲一路
桃園市,桃園市新屋區,福洲三街
桃園市,桃園市新屋區,福洲五街
桃園市,桃園市新屋區,福洲六街
桃園市,桃園市新屋區,福洲路
桃園市,桃園市新屋區,福隆路
桃園市,桃園市新屋區,聖賢路
桃園市,桃園市新屋區,聚賢路
桃園市,桃園市新屋區,臨海路
桃園市,桃園市新屋區,興福路
桃園市,桃園市新屋區,興芝路
桃園市,桃園市新屋區,華興路
桃園市,桃園市新屋區,藻礁路
桃園市,桃園市新屋區,蚵殻港
桃園市,桃園市新屋區,蚵間路
桃園市,桃園市新屋區,觀海路
桃園市,桃園市新屋區,警訓路
桃園市,桃園市新屋區,赤欄五路
桃園市,桃園市新屋區,赤牛欄
桃園市,桃園市新屋區,金橋路
桃園市,桃園市新屋區,鑫田一路
桃園市,桃園市新屋區,鑫田三路
桃園市,桃園市新屋區,鑫田路
桃園市,桃園市新屋區,長祥路
桃園市,桃園市新屋區,長福路
桃園市,桃園市新屋區,電信街
桃園市,桃園市新屋區,青富路
桃園市,桃園市新屋區,青田路
桃園市,桃園市新屋區,香坡一路
桃園市,桃園市新屋區,香坡三路
桃園市,桃園市新屋區,香坡二路
桃園市,桃園市新屋區,香坡五路
桃園市,桃園市新屋區,香坡路
桃園市,桃園市新屋區,高上路
桃園市,桃園市新屋區,高洲一街
桃園市,桃園市新屋區,高洲三街
桃園市,桃園市新屋區,高洲二街
桃園市,桃園市新屋區,高洲六街
桃園市,桃園市新屋區,高洲路
桃園市,桃園市新屋區,高鐵南路
桃園市,桃園市新屋區,鼎鐘路
桃園市,桃園市新屋區,龍莊路
桃園市,桃園市觀音區,一心路
桃園市,桃園市觀音區,七賢一街
桃園市,桃園市觀音區,七賢路
桃園市,桃園市觀音區,三多街
桃園市,桃園市觀音區,三座路
桃園市,桃園市觀音區,三民路
桃園市,桃園市觀音區,上大
桃園市,桃園市觀音區,上大一路
桃園市,桃園市觀音區,上大三路
桃園市,桃園市觀音區,上大二路
桃園市,桃園市觀音區,上大五路
桃園市,桃園市觀音區,上福路
桃園市,桃園市觀音區,中央一街
桃園市,桃園市觀音區,中央路
桃園市,桃園市觀音區,中山東路
桃園市,桃園市觀音區,中山路
桃園市,桃園市觀音區,中平路
桃園市,桃園市觀音區,中正路
桃園市,桃園市觀音區,中興路
桃園市,桃園市觀音區,中觀路
桃園市,桃園市觀音區,九如一街
桃園市,桃園市觀音區,九如三街
桃園市,桃園市觀音區,九如二街
桃園市,桃園市觀音區,九如街
桃園市,桃園市觀音區,二聖一街
桃園市,桃園市觀音區,二聖三街
桃園市,桃園市觀音區,二聖二街
桃園市,桃園市觀音區,二聖路
桃園市,桃園市觀音區,五福一街
桃園市,桃園市觀音區,五福三街
桃園市,桃園市觀音區,五福二街
桃園市,桃園市觀音區,五福街
桃園市,桃園市觀音區,仁德街
桃園市,桃園市觀音區,仁愛路
桃園市,桃園市觀音區,保安路
桃園市,桃園市觀音區,保成路
桃園市,桃園市觀音區,保生一街
桃園市,桃園市觀音區,保生七街
桃園市,桃園市觀音區,保生三街
桃園市,桃園市觀音區,保生九街
桃園市,桃園市觀音區,保生二街
桃園市,桃園市觀音區,保生五街
桃園市,桃園市觀音區,保生八街
桃園市,桃園市觀音區,保生六路
桃園市,桃園市觀音區,保生十街
桃園市,桃園市觀音區,保興路
桃園市,桃園市觀音區,保障一路
桃園市,桃園市觀音區,保障三路
桃園市,桃園市觀音區,保障二路
桃園市,桃園市觀音區,保障五路
桃園市,桃園市觀音區,保障六路
桃園市,桃園市觀音區,保障路
桃園市,桃園市觀音區,信義路
桃園市,桃園市觀音區,光明路
桃園市,桃園市觀音區,八德一街
桃園市,桃園市觀音區,八德三街
桃園市,桃園市觀音區,八德二街
桃園市,桃園市觀音區,八德五街
桃園市,桃園市觀音區,八德六街
桃園市,桃園市觀音區,八德四街
桃園市,桃園市觀音區,八德街
桃園市,桃園市觀音區,公園一街
桃園市,桃園市觀音區,公園三街
桃園市,桃園市觀音區,公園二街
桃園市,桃園市觀音區,公園街
桃園市,桃園市觀音區,六合一街
桃園市,桃園市觀音區,六合三街
桃園市,桃園市觀音區,六合二街
桃園市,桃園市觀音區,六合街
桃園市,桃園市觀音區,北港路
桃園市,桃園市觀音區,十全一街
桃園市,桃園市觀音區,十全路
桃園市,桃園市觀音區,吉祥街
桃園市,桃園市觀音區,同心路
桃園市,桃園市觀音區,和平路
桃園市,桃園市觀音區,員山路
桃園市,桃園市觀音區,嘉富路
桃園市,桃園市觀音區,四維一街
桃園市,桃園市觀音區,四維三街
桃園市,桃園市觀音區,四維二街
桃園市,桃園市觀音區,四維路
桃園市,桃園市觀音區,國光路
桃園市,桃園市觀音區,國建一路
桃園市,桃園市觀音區,國建三路
桃園市,桃園市觀音區,國建二路
桃園市,桃園市觀音區,國瑞路
桃園市,桃園市觀音區,坑尾一路
桃園市,桃園市觀音區,坑尾二路
桃園市,桃園市觀音區,塔腳一路
桃園市,桃園市觀音區,塔腳二路
桃園市,桃園市觀音區,塔腳路
桃園市,桃園市觀音區,大同一路
桃園市,桃園市觀音區,大同二路
桃園市,桃園市觀音區,大富路
桃園市,桃園市觀音區,大湖路
桃園市,桃園市觀音區,大潭一街
桃園市,桃園市觀音區,大潭三路
桃園市,桃園市觀音區,大潭五路
桃園市,桃園市觀音區,大潭北路
桃園市,桃園市觀音區,大潭南路
桃園市,桃園市觀音區,大福路
桃園市,桃園市觀音區,大觀路
桃園市,桃園市觀音區,學府路
桃園市,桃園市觀音區,安和街
桃園市,桃園市觀音區,富仁路
桃園市,桃園市觀音區,富信路
桃園市,桃園市觀音區,富和路
桃園市,桃園市觀音區,富國街
桃園市,桃園市觀音區,富坡路
桃園市,桃園市觀音區,富安街
桃園市,桃園市觀音區,富平街
桃園市,桃園市觀音區,富年路
桃園市,桃園市觀音區,富忠路
桃園市,桃園市觀音區,富愛路
桃園市,桃園市觀音區,富春路
桃園市,桃園市觀音區,富有一路
桃園市,桃園市觀音區,富有路
桃園市,桃園市觀音區,富源
桃園市,桃園市觀音區,富源一路
桃園市,桃園市觀音區,富源七路
桃園市,桃園市觀音區,富源三路
桃園市,桃園市觀音區,富源二路
桃園市,桃園市觀音區,富源五路
桃園市,桃園市觀音區,富源八路
桃園市,桃園市觀音區,富源六路
桃園市,桃園市觀音區,富玉路
桃園市,桃園市觀音區,富貴街
桃園市,桃園市觀音區,尾厝路
桃園市,桃園市觀音區,尾湖
桃園市,桃園市觀音區,山坪路
桃園市,桃園市觀音區,崙坪一路
桃園市,桃園市觀音區,崙坪三路
桃園市,桃園市觀音區,崙坪二路
桃園市,桃園市觀音區,崙坪五路
桃園市,桃園市觀音區,崙坪八路
桃園市,桃園市觀音區,崙坪六路
桃園市,桃園市觀音區,崙坪十路
桃園市,桃園市觀音區,工業一路
桃園市,桃園市觀音區,工業七路
桃園市,桃園市觀音區,工業三路
桃園市,桃園市觀音區,工業九路
桃園市,桃園市觀音區,工業二路
桃園市,桃園市觀音區,工業五路
桃園市,桃園市觀音區,工業八路
桃園市,桃園市觀音區,工業六路
桃園市,桃園市觀音區,工業四路
桃園市,桃園市觀音區,廣坪路
桃園市,桃園市觀音區,廣大路
桃園市,桃園市觀音區,廣玉路
桃園市,桃園市觀音區,廣興一路
桃園市,桃園市觀音區,廣興二路
桃園市,桃園市觀音區,廣青路
桃園市,桃園市觀音區,建國路
桃園市,桃園市觀音區,德一街
桃園市,桃園市觀音區,德二街
桃園市,桃園市觀音區,忠孝路
桃園市,桃園市觀音區,忠富路
桃園市,桃園市觀音區,忠富路崙坪段
桃園市,桃園市觀音區,忠愛路
桃園市,桃園市觀音區,快速路
桃園市,桃園市觀音區,成功路
桃園市,桃園市觀音區,敬業街
桃園市,桃園市觀音區,文中路
桃園市,桃園市觀音區,文化路
桃園市,桃園市觀音區,文林路
桃園市,桃園市觀音區,新富路
桃園市,桃園市觀音區,新廣路
桃園市,桃園市觀音區,新村路
桃園市,桃園市觀音區,新林路
桃園市,桃園市觀音區,新生路
桃園市,桃園市觀音區,新華路
桃園市,桃園市觀音區,東大路
桃園市,桃園市觀音區,桃大一街
桃園市,桃園市觀音區,桃大路
桃園市,桃園市觀音區,桃科七路
桃園市,桃園市觀音區,桃科三路
桃園市,桃園市觀音區,桃科九路
桃園市,桃園市觀音區,桃科二路
桃園市,桃園市觀音區,桃科八路
桃園市,桃園市觀音區,桃科六路
桃園市,桃園市觀音區,桃科十一路
桃園市,桃園市觀音區,桃科十二路
桃園市,桃園市觀音區,桃科十路
桃園市,桃園市觀音區,梁福路
桃園市,桃園市觀音區,榮工北路
桃園市,桃園市觀音區,榮工南路
桃園市,桃園市觀音區,樂群街
桃園市,桃園市觀音區,橫圳路
桃園市,桃園市觀音區,正大路
桃園市,桃園市觀音區,武保路
桃園市,桃園市觀音區,武威一路
桃園市,桃園市觀音區,武威二路
桃園市,桃園市觀音區,武威路
桃園市,桃園市觀音區,民族路
桃園市,桃園市觀音區,民權路
桃園市,桃園市觀音區,民生路
桃園市,桃園市觀音區,永吉街
桃園市,桃園市觀音區,泰安街
桃園市,桃園市觀音區,源遠街
桃園市,桃園市觀音區,潭工一路
桃園市,桃園市觀音區,濱海路
桃園市,桃園市觀音區,玉林路
桃園市,桃園市觀音區,瑞祥街
桃園市,桃園市觀音區,瑞豐街
桃園市,桃園市觀音區,環中路
桃園市,桃園市觀音區,環區南路
桃園市,桃園市觀音區,環南路
桃園市,桃園市觀音區,環科路
桃園市,桃園市觀音區,環西路
桃園市,桃園市觀音區,甘泉街
桃園市,桃園市觀音區,白玉一路
桃園市,桃園市觀音區,白玉三路
桃園市,桃園市觀音區,白玉二路
桃園市,桃園市觀音區,白玉北路
桃園市,桃園市觀音區,白玉南路
桃園市,桃園市觀音區,石保路
桃園市,桃園市觀音區,石牌路
桃園市,桃園市觀音區,福一街
桃園市,桃園市觀音區,福三街
桃園市,桃園市觀音區,福二街
桃園市,桃園市觀音區,福坪路
桃園市,桃園市觀音區,福壽街
桃園市,桃園市觀音區,福山路
桃園市,桃園市觀音區,福建路
桃園市,桃園市觀音區,福德街
桃園市,桃園市觀音區,福恩路
桃園市,桃園市觀音區,福新路
桃園市,桃園市觀音區,福昌街
桃園市,桃園市觀音區,福祥街
桃園市,桃園市觀音區,福祥路
桃園市,桃園市觀音區,福興街
桃園市,桃園市觀音區,科技路
桃園市,桃園市觀音區,經建一路
桃園市,桃園市觀音區,經建七路
桃園市,桃園市觀音區,經建三路
桃園市,桃園市觀音區,經建二路
桃園市,桃園市觀音區,經建五路
桃園市,桃園市觀音區,經建六路
桃園市,桃園市觀音區,經建四路
桃園市,桃園市觀音區,羅福路
桃園市,桃園市觀音區,育仁路
桃園市,桃園市觀音區,育金路
桃園市,桃園市觀音區,自強五街
桃園市,桃園市觀音區,興一街
桃園市,桃園市觀音區,興二街
桃園市,桃園市觀音區,荷新路
桃園市,桃園市觀音區,莊一街
桃園市,桃園市觀音區,莊三街
桃園市,桃園市觀音區,莊二街
桃園市,桃園市觀音區,莊敬路
桃園市,桃園市觀音區,華興路
桃園市,桃園市觀音區,觀和路
桃園市,桃園市觀音區,觀新路
桃園市,桃園市觀音區,觀泉路
桃園市,桃園市觀音區,豐年街
桃園市,桃園市觀音區,金廣路
桃園市,桃園市觀音區,金橋路
桃園市,桃園市觀音區,金華路
桃園市,桃園市觀音區,長安路
桃園市,桃園市觀音區,長春街
桃園市,桃園市觀音區,長興路
桃園市,桃園市觀音區,關平爺路
桃園市,桃園市觀音區,電廠三路
桃園市,桃園市觀音區,電廠二路
桃園市,桃園市觀音區,電廠五路
桃園市,桃園市觀音區,電廠路
桃園市,桃園市觀音區,青埔
桃園市,桃園市復興區,三民路
桃園市,桃園市復興區,上奎輝
桃園市,桃園市復興區,上宇內
桃園市,桃園市復興區,下宇內
桃園市,桃園市復興區,下高遶
桃園市,桃園市復興區,中奎輝
桃園市,桃園市復興區,中山路
桃園市,桃園市復興區,中正路
桃園市,桃園市復興區,丸山
桃園市,桃園市復興區,仁愛路
桃園市,桃園市復興區,佳志
桃園市,桃園市復興區,卡外
桃園市,桃園市復興區,合流
桃園市,桃園市復興區,哈嘎灣
桃園市,桃園市復興區,嘎拉賀
桃園市,桃園市復興區,嘎色鬧
桃園市,桃園市復興區,基國派路
桃園市,桃園市復興區,大利幹
桃園市,桃園市復興區,大窩路
桃園市,桃園市復興區,巴崚
桃園市,桃園市復興區,庫志
桃園市,桃園市復興區,志繼
桃園市,桃園市復興區,忠孝路
桃園市,桃園市復興區,枕頭山
桃園市,桃園市復興區,武道能敢
桃園市,桃園市復興區,比亞外
桃園市,桃園市復興區,水管頭
桃園市,桃園市復興區,溪口台
桃園市,桃園市復興區,爺亨
桃園市,桃園市復興區,砂崙子
桃園市,桃園市復興區,羅浮
桃園市,桃園市復興區,羅馬路
桃園市,桃園市復興區,義興
桃園市,桃園市復興區,色霧鬧
桃園市,桃園市復興區,詩朗
桃園市,桃園市復興區,金暖
桃園市,桃園市復興區,霞雲
桃園市,桃園市復興區,霞雲坪
桃園市,桃園市復興區,頭角
桃園市,桃園市復興區,高坡
桃園市,桃園市復興區,高義蘭
